Name;SlugView;Description;Tags;ShowInGallery;Slug_list
120mm_HE_Face;Face;120mm_HE;Land;0;120mm_HE
120mm_HE_Random;Random;120mm_HE;Land;0;120mm_HE
120mm_HE_Side;Side;120mm_HE;Land;0;120mm_HE
2S12_Face;Face;2S12;Land;0;2S12
2S12_Random;Random;2S12;Land;0;2S12
2S12_Side;Side;2S12;Land;0;2S12
2S9_Face;Face;2S9;Land;0;2S9
2S9_Random;Random;2S9;Land;0;2S9
2S9_Side;Side;2S9;Land;0;2S9
57MM_S60_Face;Face;57MM_S60;Land;0;57MM_S60
57MM_S60_Random;Random;57MM_S60;Land;0;57MM_S60
57MM_S60_Side;Side;57MM_S60;Land;0;57MM_S60
A-10_Face;Face;A-10;Air;0;A-10
A-10_Random;Random;A-10;Air;0;A-10
A-10_Side;Side;A-10;Air;0;A-10
A320_Face;Face;A320;Air;0;A320
A320_Random;Random;A320;Air;0;A320
A320_Side;Side;A320;Air;0;A320
AAVc7A_Face;Face;AAVc7A;Land;0;AAVc7A
AAVc7A_Random;Random;AAVc7A;Land;0;AAVc7A
AAVc7A_Side;Side;AAVc7A;Land;0;AAVc7A
AH-1W_Face;Face;AH-1W;Air;0;AH-1W
AH-1W_Random;Random;AH-1W;Air;0;AH-1W
AH-1W_Side;Side;AH-1W;Air;0;AH-1W
AH-64A_Face;Face;AH-64A;Air;0;AH-64A
AH-64A_Random;Random;AH-64A;Air;0;AH-64A
AH-64A_Side;Side;AH-64A;Air;0;AH-64A
AH-64D_Face;Face;AH-64D;Air;0;AH-64D
AH-64D_Random;Random;AH-64D;Air;0;AH-64D
AH-64D_Side;Side;AH-64D;Air;0;AH-64D
airport_Face;Face;airport;Land;0;airport
airport_Random;Random;airport;Land;0;airport
airport_Side;Side;airport;Land;0;airport
Alpha_Face;Face;Alpha;Land;0;Alpha
Alpha_Random;Random;Alpha;Land;0;Alpha
Alpha_Side;Side;Alpha;Land;0;Alpha
AMX-30_Face;Face;AMX-30;Land;0;AMX-30
AMX-30_Random;Random;AMX-30;Land;0;AMX-30
AMX-30_Side;Side;AMX-30;Land;0;AMX-30
AN-2_Face;Face;AN-2;Air;0;AN-2
AN-2_Random;Random;AN-2;Air;0;AN-2
AN-2_Side;Side;AN-2;Air;0;AN-2
AN-TWQ-1-Avenger_Face;Face;AN-TWQ-1-Avenger;Land;0;AN-TWQ-1-Avenger
AN-TWQ-1-Avenger_Random;Random;AN-TWQ-1-Avenger;Land;0;AN-TWQ-1-Avenger
AN-TWQ-1-Avenger_Side;Side;AN-TWQ-1-Avenger;Land;0;AN-TWQ-1-Avenger
ARH-70_Face;Face;ARH-70;Air;0;ARH-70
ARH-70_Random;Random;ARH-70;Air;0;ARH-70
ARH-70_Side;Side;ARH-70;Air;0;ARH-70
Armed_Robotic_Vehicle_ARV_Face;Face;Armed_Robotic_Vehicle_ARV;Land;0;Armed_Robotic_Vehicle_ARV
Armed_Robotic_Vehicle_ARV_Random;Random;Armed_Robotic_Vehicle_ARV;Land;0;Armed_Robotic_Vehicle_ARV
Armed_Robotic_Vehicle_ARV_Side;Side;Armed_Robotic_Vehicle_ARV;Land;0;Armed_Robotic_Vehicle_ARV
AS_90_Face;Face;AS_90;Land;0;AS_90
AS_90_Random;Random;AS_90;Land;0;AS_90
AS_90_Side;Side;AS_90;Land;0;AS_90
AV-8B_Harrier_II_Face;Face;AV-8B_Harrier_II;Air;0;AV-8B_Harrier_II
AV-8B_Harrier_II_Random;Random;AV-8B_Harrier_II;Air;0;AV-8B_Harrier_II
AV-8B_Harrier_II_Side;Side;AV-8B_Harrier_II;Air;0;AV-8B_Harrier_II
B-1_Lancer_Face;Face;B-1_Lancer;Air;0;B-1_Lancer
B-1_Lancer_Random;Random;B-1_Lancer;Air;0;B-1_Lancer
B-1_Lancer_Side;Side;B-1_Lancer;Air;0;B-1_Lancer
B-10_Face;Face;B-10;Land;0;B-10
B-10_Random;Random;B-10;Land;0;B-10
B-10_Side;Side;B-10;Land;0;B-10
B-2_Spirit_Face;Face;B-2_Spirit;Air;0;B-2_Spirit
B-2_Spirit_Random;Random;B-2_Spirit;Air;0;B-2_Spirit
B-2_Spirit_Side;Side;B-2_Spirit;Air;0;B-2_Spirit
B-52_Face;Face;B-52;Air;0;B-52
B-52_Random;Random;B-52;Air;0;B-52
B-52_Side;Side;B-52;Air;0;B-52
BAE_Black_Knight_Face;Face;BAE_Black_Knight;Land;0;BAE_Black_Knight
BAE_Black_Knight_Random;Random;BAE_Black_Knight;Land;0;BAE_Black_Knight
BAE_Black_Knight_Side;Side;BAE_Black_Knight;Land;0;BAE_Black_Knight
BAe_Hawk_200_Face;Face;BAe_Hawk_200;Air;0;BAe_Hawk_200
BAe_Hawk_200_Random;Random;BAe_Hawk_200;Air;0;BAe_Hawk_200
BAe_Hawk_200_Side;Side;BAe_Hawk_200;Air;0;BAe_Hawk_200
Bearcat_Face;Face;Bearcat;Air;0;Bearcat
Bearcat_Random;Random;Bearcat;Air;0;Bearcat
Bearcat_Side;Side;Bearcat;Air;0;Bearcat
BGM-109_Face;Face;BGM-109;Air;0;BGM-109
BGM-109_Random;Random;BGM-109;Air;0;BGM-109
BGM-109_Side;Side;BGM-109;Air;0;BGM-109
BMD-2_Face;Face;BMD-2;Land;0;BMD-2
BMD-2_Random;Random;BMD-2;Land;0;BMD-2
BMD-2_Side;Side;BMD-2;Land;0;BMD-2
BMD-3_Face;Face;BMD-3;Land;0;BMD-3
BMD-3_Random;Random;BMD-3;Land;0;BMD-3
BMD-3_Side;Side;BMD-3;Land;0;BMD-3
BMP-2_Face;Face;BMP-2;Land;0;BMP-2
BMP-2_Random;Random;BMP-2;Land;0;BMP-2
BMP-2_Side;Side;BMP-2;Land;0;BMP-2
Boeing_747_Face;Face;Boeing_747;Air;0;Boeing_747
Boeing_747_Random;Random;Boeing_747;Air;0;Boeing_747
Boeing_747_Side;Side;Boeing_747;Air;0;Boeing_747
Boeing_B-52D_Face;Face;Boeing_B-52D;Air;0;Boeing_B-52D
Boeing_B-52D_Random;Random;Boeing_B-52D;Air;0;Boeing_B-52D
Boeing_B-52D_Side;Side;Boeing_B-52D;Air;0;Boeing_B-52D
Boeing-737_Face;Face;Boeing-737;Air;0;Boeing-737
Boeing-737_Random;Random;Boeing-737;Air;0;Boeing-737
Boeing-737_Side;Side;Boeing-737;Air;0;Boeing-737
BRDM-2_Face;Face;BRDM-2;Land;0;BRDM-2
BRDM-2_Random;Random;BRDM-2;Land;0;BRDM-2
BRDM-2_Side;Side;BRDM-2;Land;0;BRDM-2
BTR_152_Face;Face;BTR_152;Land;0;BTR_152
BTR_152_Random;Random;BTR_152;Land;0;BTR_152
BTR_152_Side;Side;BTR_152;Land;0;BTR_152
BTR-80_Face;Face;BTR-80;Land;0;BTR-80
BTR-80_Random;Random;BTR-80;Land;0;BTR-80
BTR-80_Side;Side;BTR-80;Land;0;BTR-80
Buffalo_Face;Face;Buffalo;Land;0;Buffalo
Buffalo_Random;Random;Buffalo;Land;0;Buffalo
Buffalo_Side;Side;Buffalo;Land;0;Buffalo
BULL_Face;Face;BULL;Land;0;BULL
BULL_Random;Random;BULL;Land;0;BULL
BULL_Side;Side;BULL;Land;0;BULL
BV206_Face;Face;BV206;Land;0;BV206
BV206_Random;Random;BV206;Land;0;BV206
BV206_Side;Side;BV206;Land;0;BV206
C-12_Huron_Face;Face;C-12_Huron;Air;0;C-12_Huron
C-12_Huron_Random;Random;C-12_Huron;Air;0;C-12_Huron
C-12_Huron_Side;Side;C-12_Huron;Air;0;C-12_Huron
C-130_Face;Face;C-130;Air;0;C-130
C-130_Random;Random;C-130;Air;0;C-130
C-130_Side;Side;C-130;Air;0;C-130
C-141B_Starlifter_Face;Face;C-141B_Starlifter;Air;0;C-141B_Starlifter
C-141B_Starlifter_Random;Random;C-141B_Starlifter;Air;0;C-141B_Starlifter
C-141B_Starlifter_Side;Side;C-141B_Starlifter;Air;0;C-141B_Starlifter
C23_Sherpa_Face;Face;C23_Sherpa;Air;0;C23_Sherpa
C23_Sherpa_Random;Random;C23_Sherpa;Air;0;C23_Sherpa
C23_Sherpa_Side;Side;C23_Sherpa;Air;0;C23_Sherpa
C2V_Face;C2V_01.jpg;C2V;Land;0;C2V
C2V_Random;C2V_02.jpg;C2V;Land;0;C2V
C2V_Side;C2V_03.jpg;C2V;Land;0;C2V
Caesar_Face;Face;Caesar;Land;0;Caesar
Caesar_Random;Random;Caesar;Land;0;Caesar
Caesar_Side;Side;Caesar;Land;0;Caesar
Caiman_Face;Face;Caiman;Land;0;Caiman
Caiman_Random;Random;Caiman;Land;0;Caiman
Caiman_Side;Side;Caiman;Land;0;Caiman
Centauro_Face;Face;Centauro;Land;0;Centauro
Centauro_Random;Random;Centauro;Land;0;Centauro
Centauro_Side;Side;Centauro;Land;0;Centauro
CH-47D_Face;Face;CH-47D;Air;0;CH-47D
CH-47D_Random;Random;CH-47D;Air;0;CH-47D
CH-47D_Side;Side;CH-47D;Air;0;CH-47D
Challenger1_Face;Face;Challenger1;Land;0;Challenger1
Challenger1_Random;Random;Challenger1;Land;0;Challenger1
Challenger1_Side;Side;Challenger1;Land;0;Challenger1
Cheetah_Face;Face;Cheetah;Land;0;Cheetah
Cheetah_Random;Random;Cheetah;Land;0;Cheetah
Cheetah_Side;Side;Cheetah;Land;0;Cheetah
CHEVY_AFGHAN_Face;Face;CHEVY_AFGHAN;Land;0;CHEVY_AFGHAN
CHEVY_AFGHAN_Random;Random;CHEVY_AFGHAN;Land;0;CHEVY_AFGHAN
CHEVY_AFGHAN_Side;Side;CHEVY_AFGHAN;Land;0;CHEVY_AFGHAN
Class_I_UAV_Face;Face;Class_I_UAV;Air;0;Class_I_UAV
Class_I_UAV_Random;Random;Class_I_UAV;Air;0;Class_I_UAV
Class_I_UAV_Side;Side;Class_I_UAV;Air;0;Class_I_UAV
Class_II_UAV_Face;Face;Class_II_UAV;Air;0;Class_II_UAV
Class_II_UAV_Random;Random;Class_II_UAV;Air;0;Class_II_UAV
Class_II_UAV_Side;Side;Class_II_UAV;Air;0;Class_II_UAV
Class_III_UAV_Face;Face;Class_III_UAV;Air;0;Class_III_UAV
Class_III_UAV_Random;Random;Class_III_UAV;Air;0;Class_III_UAV
Class_III_UAV_Side;Side;Class_III_UAV;Air;0;Class_III_UAV
Class_IV_UAV_Face;Face;Class_IV_UAV;Air;0;Class_IV_UAV
Class_IV_UAV_Random;Random;Class_IV_UAV;Air;0;Class_IV_UAV
Class_IV_UAV_Side;Side;Class_IV_UAV;Air;0;Class_IV_UAV
Command_and_Control_Vehicle_C2V_Face;Face;Command_and_Control_Vehicle_C2V;Land;0;Command_and_Control_Vehicle_C2V
Command_and_Control_Vehicle_C2V_Random;Random;Command_and_Control_Vehicle_C2V;Land;0;Command_and_Control_Vehicle_C2V
Command_and_Control_Vehicle_C2V_Side;Side;Command_and_Control_Vehicle_C2V;Land;0;Command_and_Control_Vehicle_C2V
Cougar_6X6_Face;Face;Cougar_6X6;Land;0;Cougar_6X6
Cougar_6X6_Random;Random;Cougar_6X6;Land;0;Cougar_6X6
Cougar_6X6_Side;Side;Cougar_6X6;Land;0;Cougar_6X6
Cougar_H_Series_4X4_Face;Face;Cougar_H_Series_4X4;Land;0;Cougar_H_Series_4X4
Cougar_H_Series_4X4_Random;Random;Cougar_H_Series_4X4;Land;0;Cougar_H_Series_4X4
Cougar_H_Series_4X4_Side;Side;Cougar_H_Series_4X4;Land;0;Cougar_H_Series_4X4
Dana_Howitzer-77_Face;Face;Dana_Howitzer-77;Land;0;Dana_Howitzer-77
Dana_Howitzer-77_Random;Random;Dana_Howitzer-77;Land;0;Dana_Howitzer-77
Dana_Howitzer-77_Side;Side;Dana_Howitzer-77;Land;0;Dana_Howitzer-77
DDG-1000_Zumwalt_Face;Face;DDG-1000_Zumwalt;Surface;0;DDG-1000_Zumwalt
DDG-1000_Zumwalt_Random;Random;DDG-1000_Zumwalt;Surface;0;DDG-1000_Zumwalt
DDG-1000_Zumwalt_Side;Side;DDG-1000_Zumwalt;Surface;0;DDG-1000_Zumwalt
Dingo_Face;Face;Dingo;Land;0;Dingo
Dingo_Random;Random;Dingo;Land;0;Dingo
Dingo_Side;Side;Dingo;Land;0;Dingo
DSHK_Face;Face;DSHK;Land;0;DSHK
DSHK_Random;Random;DSHK;Land;0;DSHK
DSHK_Side;Side;DSHK;Land;0;DSHK
DSHK-MOUNTED_Face;Face;DSHK-MOUNTED;Land;0;DSHK-MOUNTED
DSHK-MOUNTED_Random;Random;DSHK-MOUNTED;Land;0;DSHK-MOUNTED
DSHK-MOUNTED_Side;Side;DSHK-MOUNTED;Land;0;DSHK-MOUNTED
E2C_Hawkeye_Face;Face;E2C_Hawkeye;Air;0;E2C_Hawkeye
E2C_Hawkeye_Random;Random;E2C_Hawkeye;Air;0;E2C_Hawkeye
E2C_Hawkeye_Side;Side;E2C_Hawkeye;Air;0;E2C_Hawkeye
E3A_Face;Face;E3A;Air;0;E3A
E3A_Random;Random;E3A;Air;0;E3A
E3A_Side;Side;E3A;Air;0;E3A
EA-6B_Face;Face;EA-6B;Air;0;EA-6B
EA-6B_Random;Random;EA-6B;Air;0;EA-6B
EA-6B_Side;Side;EA-6B;Air;0;EA-6B
F-117_Face;Face;F-117;Air;0;F-117
F-117_Random;Random;F-117;Air;0;F-117
F-117_Side;Side;F-117;Air;0;F-117
F-14A_Face;Face;F-14A;Air;0;F-14A
F-14A_Random;Random;F-14A;Air;0;F-14A
F-14A_Side;Side;F-14A;Air;0;F-14A
F-15C_Face;Face;F-15C;Air;0;F-15C
F-15C_Random;Random;F-15C;Air;0;F-15C
F-15C_Side;Side;F-15C;Air;0;F-15C
F-15E_Face;Face;F-15E;Air;0;F-15E
F-15E_Random;Random;F-15E;Air;0;F-15E
F-15E_Side;Side;F-15E;Air;0;F-15E
F16_Face;Face;F16;Air;0;F16
F16_Random;Random;F16;Air;0;F16
F16_Side;Side;F16;Air;0;F16
F-35_Face;Face;F-35;Air;0;F-35
F-35_Random;Random;F-35;Air;0;F-35
F-35_Side;Side;F-35;Air;0;F-35
F4_Phantom_Face;Face;F4_Phantom;Air;0;F4_Phantom
F4_Phantom_Random;Random;F4_Phantom;Air;0;F4_Phantom
F4_Phantom_Side;Side;F4_Phantom;Air;0;F4_Phantom
F-5_Face;Face;F-5;Air;0;F-5
F-5_Random;Random;F-5;Air;0;F-5
F-5_Side;Side;F-5;Air;0;F-5
F-6A_Face;Face;F-6A;Air;0;F-6A
F-6A_Random;Random;F-6A;Air;0;F-6A
F-6A_Side;Side;F-6A;Air;0;F-6A
FA-18C_Face;Face;FA-18C;Air;0;FA-18C
FA-18C_Random;Random;FA-18C;Air;0;FA-18C
FA-18C_Side;Side;FA-18C;Air;0;FA-18C
FCS_MULE_Face;Face;FCS_MULE;Land;0;FCS_MULE
FCS_MULE_Random;Random;FCS_MULE;Land;0;FCS_MULE
FCS_MULE_Side;Side;FCS_MULE;Land;0;FCS_MULE
fennek_Face;Face;fennek;Land;0;fennek
fennek_Random;Random;fennek;Land;0;fennek
fennek_Side;Side;fennek;Land;0;fennek
Ford_Face;Face;Ford;Land;0;Ford
Ford_Random;Random;Ford;Land;0;Ford
Ford_Side;Side;Ford;Land;0;Ford
FORD350_2_Utility_Face;Face;FORD350_2_Utility;Land;0;FORD350_2_Utility
FORD350_2_Utility_Random;Random;FORD350_2_Utility;Land;0;FORD350_2_Utility
FORD350_2_Utility_Side;Side;FORD350_2_Utility;Land;0;FORD350_2_Utility
FRMV_Recovery_and_Maintenance_Vehicle_Face;Face;FRMV_Recovery_and_Maintenance_Vehicle;Land;0;FRMV_Recovery_and_Maintenance_Vehicle
FRMV_Recovery_and_Maintenance_Vehicle_Random;Random;FRMV_Recovery_and_Maintenance_Vehicle;Land;0;FRMV_Recovery_and_Maintenance_Vehicle
FRMV_Recovery_and_Maintenance_Vehicle_Side;Side;FRMV_Recovery_and_Maintenance_Vehicle;Land;0;FRMV_Recovery_and_Maintenance_Vehicle
Frog-7B_Face;Face;Frog-7B;Land;0;Frog-7B
Frog-7B_Random;Random;Frog-7B;Land;0;Frog-7B
Frog-7B_Side;Side;Frog-7B;Land;0;Frog-7B
FV101_SCORPION_Face;Face;FV101_SCORPION;Land;0;FV101_SCORPION
FV101_SCORPION_Random;Random;FV101_SCORPION;Land;0;FV101_SCORPION
FV101_SCORPION_Side;Side;FV101_SCORPION;Land;0;FV101_SCORPION
FV103_Spartan_Face;Face;FV103_Spartan;Land;0;FV103_Spartan
FV103_Spartan_Random;Random;FV103_Spartan;Land;0;FV103_Spartan
FV103_Spartan_Side;Side;FV103_Spartan;Land;0;FV103_Spartan
FV105_Face;Face;FV105;Land;0;FV105
FV105_Random;Random;FV105;Land;0;FV105
FV105_Side;Side;FV105;Land;0;FV105
G5_155mm_Face;Face;G5_155mm;Land;0;G5_155mm
G5_155mm_Random;Random;G5_155mm;Land;0;G5_155mm
G5_155mm_Side;Side;G5_155mm;Land;0;G5_155mm
G6_HOWITZER_Face;Face;G6_HOWITZER;Land;0;G6_HOWITZER
G6_HOWITZER_Random;Random;G6_HOWITZER;Land;0;G6_HOWITZER
G6_HOWITZER_Side;Side;G6_HOWITZER;Land;0;G6_HOWITZER
Gaz-66_Face;Face;Gaz-66;Land;0;Gaz-66
Gaz-66_Random;Random;Gaz-66;Land;0;Gaz-66
Gaz-66_Side;Side;Gaz-66;Land;0;Gaz-66
GMC_Sierra_Utility_Face;Face;GMC_Sierra_Utility;Land;0;GMC_Sierra_Utility
GMC_Sierra_Utility_Random;Random;GMC_Sierra_Utility;Land;0;GMC_Sierra_Utility
GMC_Sierra_Utility_Side;Side;GMC_Sierra_Utility;Land;0;GMC_Sierra_Utility
HAWK_Face;Face;HAWK;Air;0;HAWK
HAWK_Random;Random;HAWK;Air;0;HAWK
HAWK_Side;Side;HAWK;Air;0;HAWK
HMMWV_Face;Face;HMMWV;Land;0;HMMWV
HMMWV_Random;Random;HMMWV;Land;0;HMMWV
HMMWV_Side;Side;HMMWV;Land;0;HMMWV
Husky_Face;Face;Husky;Land;0;Husky
Husky_Random;Random;Husky;Land;0;Husky
Husky_Side;Side;Husky;Land;0;Husky
IED_Face;Face;IED;Land;0;IED
IED_Random;Random;IED;Land;0;IED
IED_Side;Side;IED;Land;0;IED
IL-76_Face;Face;IL-76;Air;0;IL-76
IL-76_Random;Random;IL-76;Air;0;IL-76
IL-76_Side;Side;IL-76;Air;0;IL-76
International_MaxxPro_MPV_Face;Face;International_MaxxPro_MPV;Land;0;International_MaxxPro_MPV
International_MaxxPro_MPV_Random;Random;International_MaxxPro_MPV;Land;0;International_MaxxPro_MPV
International_MaxxPro_MPV_Side;Side;International_MaxxPro_MPV;Land;0;International_MaxxPro_MPV
Irobot_Packbot_Explorer_Face;Face;Irobot_Packbot_Explorer;Land;0;Irobot_Packbot_Explorer
Irobot_Packbot_Explorer_Random;Random;Irobot_Packbot_Explorer;Land;0;Irobot_Packbot_Explorer
Irobot_Packbot_Explorer_Side;Side;Irobot_Packbot_Explorer;Land;0;Irobot_Packbot_Explorer
IVMMD_F-MDT_Face;Face;IVMMD_F-MDT;Land;0;IVMMD_F-MDT
IVMMD_F-MDT_Random;Random;IVMMD_F-MDT;Land;0;IVMMD_F-MDT
IVMMD_F-MDT_Side;Side;IVMMD_F-MDT;Land;0;IVMMD_F-MDT
IVMMD_S-MDT_Face;Face;IVMMD_S-MDT;Land;0;IVMMD_S-MDT
IVMMD_S-MDT_Random;Random;IVMMD_S-MDT;Land;0;IVMMD_S-MDT
IVMMD_S-MDT_Side;Side;IVMMD_S-MDT;Land;0;IVMMD_S-MDT
IVMMD_T-MDT_Face;Face;IVMMD_T-MDT;Land;0;IVMMD_T-MDT
IVMMD_T-MDT_Random;Random;IVMMD_T-MDT;Land;0;IVMMD_T-MDT
IVMMD_T-MDT_Side;Side;IVMMD_T-MDT;Land;0;IVMMD_T-MDT
J10_Face;Face;J10;Air;0;J10
J10_Random;Random;J10;Air;0;J10
J10_Side;Side;J10;Air;0;J10
Jaguar_Face;Face;Jaguar;Air;0;Jaguar
Jaguar_Random;Random;Jaguar;Air;0;Jaguar
Jaguar_Side;Side;Jaguar;Air;0;Jaguar
KC-10A_Face;Face;KC-10A;Air;0;KC-10A
KC-10A_Random;Random;KC-10A;Air;0;KC-10A
KC-10A_Side;Side;KC-10A;Air;0;KC-10A
KC-135_Face;KC-135_01.jpg;KC-135;Air;0;KC-135
KC-135_Random;KC-135_02.jpg;KC-135;Air;0;KC-135
KC-135_Side;KC-135_03.jpg;KC-135;Air;0;KC-135
KE-3A_Face;Face;KE-3A;Air;0;KE-3A
KE-3A_Random;Random;KE-3A;Air;0;KE-3A
KE-3A_Side;Side;KE-3A;Air;0;KE-3A
KittyHawk_Face;Face;KittyHawk;Surface;0;KittyHawk
KittyHawk_Random;Random;KittyHawk;Surface;0;KittyHawk
KittyHawk_Side;Side;KittyHawk;Surface;0;KittyHawk
Koni_Class_Face;Face;Koni_Class;Surface;0;Koni_Class
Koni_Class_Random;Random;Koni_Class;Surface;0;Koni_Class
Koni_Class_Side;Side;Koni_Class;Surface;0;Koni_Class
KPV_TOWED_Face;Face;KPV_TOWED;Land;0;KPV_TOWED
KPV_TOWED_Random;Random;KPV_TOWED;Land;0;KPV_TOWED
KPV_TOWED_Side;Side;KPV_TOWED;Land;0;KPV_TOWED
KPV-MOUNTED_Face;Face;KPV-MOUNTED;Land;0;KPV-MOUNTED
KPV-MOUNTED_Random;Random;KPV-MOUNTED;Land;0;KPV-MOUNTED
KPV-MOUNTED_Side;Side;KPV-MOUNTED;Land;0;KPV-MOUNTED
KRAZ_255_Face;Face;KRAZ_255;Land;0;KRAZ_255
KRAZ_255_Random;Random;KRAZ_255;Land;0;KRAZ_255
KRAZ_255_Side;Side;KRAZ_255;Land;0;KRAZ_255
L-159_Face;Face;L-159;Air;0;L-159
L-159_Random;Random;L-159;Air;0;L-159
L-159_Side;Side;L-159;Air;0;L-159
Leclerc_Face;Face;Leclerc;Land;0;Leclerc
Leclerc_Random;Random;Leclerc;Land;0;Leclerc
Leclerc_Side;Side;Leclerc;Land;0;Leclerc
Leopard_C2A1_MEXAS_Face;Face;Leopard_C2A1_MEXAS;Land;0;Leopard_C2A1_MEXAS
Leopard_C2A1_MEXAS_Random;Random;Leopard_C2A1_MEXAS;Land;0;Leopard_C2A1_MEXAS
Leopard_C2A1_MEXAS_Side;Side;Leopard_C2A1_MEXAS;Land;0;Leopard_C2A1_MEXAS
Luggage_Cart-001_Face;Face;Luggage_Cart-001;Land;0;Luggage_Cart-001
Luggage_Cart-001_Random;Random;Luggage_Cart-001;Land;0;Luggage_Cart-001
Luggage_Cart-001_Side;Side;Luggage_Cart-001;Land;0;Luggage_Cart-001
M_1089_Face;Face;M_1089;Land;0;M_1089
M_1089_Random;Random;M_1089;Land;0;M_1089
M_1089_Side;Side;M_1089;Land;0;M_1089
M1046_Face;Face;M1046;Land;0;M1046
M1046_Random;Random;M1046;Land;0;M1046
M1046_Side;Side;M1046;Land;0;M1046
M1097_Face;Face;M1097;Land;0;M1097
M1097_Random;Random;M1097;Land;0;M1097
M1097_Side;Side;M1097;Land;0;M1097
M109A6_Face;Face;M109A6;Land;0;M109A6
M109A6_Random;Random;M109A6;Land;0;M109A6
M109A6_Side;Side;M109A6;Land;0;M109A6
M1117_Face;Face;M1117;Land;0;M1117
M1117_Random;Random;M1117;Land;0;M1117
M1117_Side;Side;M1117;Land;0;M1117
M1126_M2_Face;Face;M1126_M2;Land;0;M1126_M2
M1126_M2_Random;Random;M1126_M2;Land;0;M1126_M2
M1126_M2_Side;Side;M1126_M2;Land;0;M1126_M2
M1127_Face;Face;M1127;Land;0;M1127
M1127_Random;Random;M1127;Land;0;M1127
M1127_Side;Side;M1127;Land;0;M1127
M1128_Face;Face;M1128;Land;0;M1128
M1128_Random;Random;M1128;Land;0;M1128
M1128_Side;Side;M1128;Land;0;M1128
M113_Face;Face;M113;Land;0;M113
M113_Random;Random;M113;Land;0;M113
M113_Side;Side;M113;Land;0;M113
M1130_Face;Face;M1130;Land;0;M1130
M1130_Random;Random;M1130;Land;0;M1130
M1130_Side;Side;M1130;Land;0;M1130
M1131_Face;Face;M1131;Land;0;M1131
M1131_Random;Random;M1131;Land;0;M1131
M1131_Side;Side;M1131;Land;0;M1131
M1133_Face;Face;M1133;Land;0;M1133
M1133_Random;Random;M1133;Land;0;M1133
M1133_Side;Side;M1133;Land;0;M1133
M1135_Face;Face;M1135;Land;0;M1135
M1135_Random;Random;M1135;Land;0;M1135
M1135_Side;Side;M1135;Land;0;M1135
M115_HOW_Face;Face;M115_HOW;Land;0;M115_HOW
M115_HOW_Random;Random;M115_HOW;Land;0;M115_HOW
M115_HOW_Side;Side;M115_HOW;Land;0;M115_HOW
M1A2_Face;Face;M1A2;Land;0;M1A2
M1A2_Random;Random;M1A2;Land;0;M1A2
M1A2_Side;Side;M1A2;Land;0;M1A2
M2_STAND_Face;Face;M2_STAND;Land;0;M2_STAND
M2_STAND_Random;Random;M2_STAND;Land;0;M2_STAND
M2_STAND_Side;Side;M2_STAND;Land;0;M2_STAND
m220_Face;Face;m220;Land;0;m220
m220_Random;Random;m220;Land;0;m220
m220_Side;Side;m220;Land;0;m220
M-220_Tow_Face;Face;M-220_Tow;Land;0;M-220_Tow
M-220_Tow_Random;Random;M-220_Tow;Land;0;M-220_Tow
M-220_Tow_Side;Side;M-220_Tow;Land;0;M-220_Tow
M2-MOUNTED_Face;Face;M2-MOUNTED;Land;0;M2-MOUNTED
M2-MOUNTED_Random;Random;M2-MOUNTED;Land;0;M2-MOUNTED
M2-MOUNTED_Side;Side;M2-MOUNTED;Land;0;M2-MOUNTED
M3_Bradley_Face;Face;M3_Bradley;Land;0;M3_Bradley
M3_Bradley_Random;Random;M3_Bradley;Land;0;M3_Bradley
M3_Bradley_Side;Side;M3_Bradley;Land;0;M3_Bradley
M40_STAND_Face;Face;M40_STAND;Land;0;M40_STAND
M40_STAND_Random;Random;M40_STAND;Land;0;M40_STAND
M40_STAND_Side;Side;M40_STAND;Land;0;M40_STAND
M60A3_Face;Face;M60A3;Land;0;M60A3
M60A3_Random;Random;M60A3;Land;0;M60A3
M60A3_Side;Side;M60A3;Land;0;M60A3
M88A2_Face;Face;M88A2;Land;0;M88A2
M88A2_Random;Random;M88A2;Land;0;M88A2
M88A2_Side;Side;M88A2;Land;0;M88A2
M901A3_Face;Face;M901A3;Land;0;M901A3
M901A3_Random;Random;M901A3;Land;0;M901A3
M901A3_Side;Side;M901A3;Land;0;M901A3
MAG_GPNG_7-62_Face;Face;MAG_GPNG_7-62;Land;0;MAG_GPNG_7-62
MAG_GPNG_7-62_Random;Random;MAG_GPNG_7-62;Land;0;MAG_GPNG_7-62
MAG_GPNG_7-62_Side;Side;MAG_GPNG_7-62;Land;0;MAG_GPNG_7-62
MAV_Face;Face;MAV;Air;0;MAV
MAV_Random;Random;MAV;Air;0;MAV
MAV_Side;Side;MAV;Air;0;MAV
Medical_Vehicle_MV_Face;Face;Medical_Vehicle_MV;Land;0;Medical_Vehicle_MV
Medical_Vehicle_MV_Random;Random;Medical_Vehicle_MV;Land;0;Medical_Vehicle_MV
Medical_Vehicle_MV_Side;Side;Medical_Vehicle_MV;Land;0;Medical_Vehicle_MV
Meerkat_Face;Face;Meerkat;Land;0;Meerkat
Meerkat_Random;Random;Meerkat;Land;0;Meerkat
Meerkat_Side;Side;Meerkat;Land;0;Meerkat
MI-28_Havoc_Face;Face;MI-28_Havoc;Air;0;MI-28_Havoc
MI-28_Havoc_Random;Random;MI-28_Havoc;Air;0;MI-28_Havoc
MI-28_Havoc_Side;Side;MI-28_Havoc;Air;0;MI-28_Havoc
Mi-2UPR_Face;Face;Mi-2UPR;Land;0;Mi-2UPR
Mi-2UPR_Random;Random;Mi-2UPR;Land;0;Mi-2UPR
Mi-2UPR_Side;Side;Mi-2UPR;Land;0;Mi-2UPR
Mig-25_Face;Face;Mig-25;Air;0;Mig-25
Mig-25_Random;Random;Mig-25;Air;0;Mig-25
Mig-25_Side;Side;Mig-25;Air;0;Mig-25
MiG-29_Face;Face;MiG-29;Air;0;MiG-29
MiG-29_Random;Random;MiG-29;Air;0;MiG-29
MiG-29_Side;Side;MiG-29;Air;0;MiG-29
MIG-31_Face;Face;MIG-31;Air;0;MIG-31
MIG-31_Random;Random;MIG-31;Air;0;MIG-31
MIG-31_Side;Side;MIG-31;Air;0;MIG-31
Military_Bus_Face;Face;Military_Bus;Land;0;Military_Bus
Military_Bus_Random;Random;Military_Bus;Land;0;Military_Bus
Military_Bus_Side;Side;Military_Bus;Land;0;Military_Bus
MIRAGE_2000C_Face;Face;MIRAGE_2000C;Air;0;MIRAGE_2000C
MIRAGE_2000C_Random;Random;MIRAGE_2000C;Air;0;MIRAGE_2000C
MIRAGE_2000C_Side;Side;MIRAGE_2000C;Air;0;MIRAGE_2000C
Mirage_F1_Face;Face;Mirage_F1;Air;0;Mirage_F1
Mirage_F1_Random;Random;Mirage_F1;Air;0;Mirage_F1
Mirage_F1_Side;Side;Mirage_F1;Air;0;Mirage_F1
Mirage-3_Face;Face;Mirage-3;Air;0;Mirage-3
Mirage-3_Random;Random;Mirage-3;Air;0;Mirage-3
Mirage-3_Side;Side;Mirage-3;Air;0;Mirage-3
Mirage-5_Face;Face;Mirage-5;Air;0;Mirage-5
Mirage-5_Random;Random;Mirage-5;Air;0;Mirage-5
Mirage-5_Side;Side;Mirage-5;Air;0;Mirage-5
MK_19_Face;Face;MK_19;Land;0;MK_19
MK_19_Random;Random;MK_19;Land;0;MK_19
MK_19_Side;Side;MK_19;Land;0;MK_19
MLRS-M270_Face;Face;MLRS-M270;Land;0;MLRS-M270
MLRS-M270_Random;Random;MLRS-M270;Land;0;MLRS-M270
MLRS-M270_Side;Side;MLRS-M270;Land;0;MLRS-M270
Mortar_2B14_1_Face;Face;Mortar_2B14_1;Land;0;Mortar_2B14_1
Mortar_2B14_1_Random;Random;Mortar_2B14_1;Land;0;Mortar_2B14_1
Mortar_2B14_1_Side;Side;Mortar_2B14_1;Land;0;Mortar_2B14_1
Mortar_2S12_Face;Face;Mortar_2S12;Land;0;Mortar_2S12
Mortar_2S12_Random;Random;Mortar_2S12;Land;0;Mortar_2S12
Mortar_2S12_Side;Side;Mortar_2S12;Land;0;Mortar_2S12
MULE_Armed_Robotic_Vehicule_ARVA-L_Face;Face;MULE_Armed_Robotic_Vehicule_ARVA-L;Land;0;MULE_Armed_Robotic_Vehicule_ARVA-L
MULE_Armed_Robotic_Vehicule_ARVA-L_Random;Random;MULE_Armed_Robotic_Vehicule_ARVA-L;Land;0;MULE_Armed_Robotic_Vehicule_ARVA-L
MULE_Armed_Robotic_Vehicule_ARVA-L_Side;Side;MULE_Armed_Robotic_Vehicule_ARVA-L;Land;0;MULE_Armed_Robotic_Vehicule_ARVA-L
MULE_Mine_Clearing_Face;Face;MULE_Mine_Clearing;Land;0;MULE_Mine_Clearing
MULE_Mine_Clearing_Random;Random;MULE_Mine_Clearing;Land;0;MULE_Mine_Clearing
MULE_Mine_Clearing_Side;Side;MULE_Mine_Clearing;Land;0;MULE_Mine_Clearing
MULE_Transport_Face;Face;MULE_Transport;Land;0;MULE_Transport
MULE_Transport_Random;Random;MULE_Transport;Land;0;MULE_Transport
MULE_Transport_Side;Side;MULE_Transport;Land;0;MULE_Transport
Multifunctional_Utility_Logistics_and_Equipment_MULE_Darpa_Face;Face;Multifunctional_Utility_Logistics_and_Equipment_MULE_Darpa;Land;0;Multifunctional_Utility_Logistics_and_Equipment_MULE_Darpa
Multifunctional_Utility_Logistics_and_Equipment_MULE_Darpa_Random;Random;Multifunctional_Utility_Logistics_and_Equipment_MULE_Darpa;Land;0;Multifunctional_Utility_Logistics_and_Equipment_MULE_Darpa
Multifunctional_Utility_Logistics_and_Equipment_MULE_Darpa_Side;Side;Multifunctional_Utility_Logistics_and_Equipment_MULE_Darpa;Land;0;Multifunctional_Utility_Logistics_and_Equipment_MULE_Darpa
Oshkosh_Bushmaster_Face;Face;Oshkosh_Bushmaster;Land;0;Oshkosh_Bushmaster
Oshkosh_Bushmaster_Random;Random;Oshkosh_Bushmaster;Land;0;Oshkosh_Bushmaster
Oshkosh_Bushmaster_Side;Side;Oshkosh_Bushmaster;Land;0;Oshkosh_Bushmaster
pac3_Face;Face;pac3;Air;0;pac3
pac3_Random;Random;pac3;Air;0;pac3
pac3_Side;Side;pac3;Air;0;pac3
PAC3_M901_Face;Face;PAC3_M901;Land;0;PAC3_M901
PAC3_M901_Random;Random;PAC3_M901;Land;0;PAC3_M901
PAC3_M901_Side;Side;PAC3_M901;Land;0;PAC3_M901
Pandur_II_6X6_KD-V30_Face;Face;Pandur_II_6X6_KD-V30;Land;0;Pandur_II_6X6_KD-V30
Pandur_II_6X6_KD-V30_Random;Random;Pandur_II_6X6_KD-V30;Land;0;Pandur_II_6X6_KD-V30
Pandur_II_6X6_KD-V30_Side;Side;Pandur_II_6X6_KD-V30;Land;0;Pandur_II_6X6_KD-V30
Pantsyr_S1_Air_Defense_Face;Face;Pantsyr_S1_Air_Defense;Land;0;Pantsyr_S1_Air_Defense
Pantsyr_S1_Air_Defense_Random;Random;Pantsyr_S1_Air_Defense;Land;0;Pantsyr_S1_Air_Defense
Pantsyr_S1_Air_Defense_Side;Side;Pantsyr_S1_Air_Defense;Land;0;Pantsyr_S1_Air_Defense
patria_Face;Face;patria;Land;0;patria
patria_Random;Random;patria;Land;0;patria
patria_Side;Side;patria;Land;0;patria
Patrolboat_Sing_Face;Face;Patrolboat_Sing;Surface;0;Patrolboat_Sing
Patrolboat_Sing_Random;Random;Patrolboat_Sing;Surface;0;Patrolboat_Sing
Patrolboat_Sing_Side;Side;Patrolboat_Sing;Surface;0;Patrolboat_Sing
PC-9_Face;Face;PC-9;Air;0;PC-9
PC-9_Random;Random;PC-9;Air;0;PC-9
PC-9_Side;Side;PC-9;Air;0;PC-9
Pelikan_Face;Face;Pelikan;Air;0;Pelikan
Pelikan_Random;Random;Pelikan;Air;0;Pelikan
Pelikan_Side;Side;Pelikan;Air;0;Pelikan
RAFAEL_Golan_Face;Face;RAFAEL_Golan;Land;0;RAFAEL_Golan
RAFAEL_Golan_Random;Random;RAFAEL_Golan;Land;0;RAFAEL_Golan
RAFAEL_Golan_Side;Side;RAFAEL_Golan;Land;0;RAFAEL_Golan
RC135_Face;Face;RC135;Air;0;RC135
RC135_Random;Random;RC135;Air;0;RC135
RC135_Side;Side;RC135;Air;0;RC135
RG-31_Face;Face;RG-31;Land;0;RG-31
RG-31_Random;Random;RG-31;Land;0;RG-31
RG-31_Side;Side;RG-31;Land;0;RG-31
RG-33_Face;Face;RG-33;Land;0;RG-33
RG-33_Random;Random;RG-33;Land;0;RG-33
RG-33_Side;Side;RG-33;Land;0;RG-33
Robot_Talon_Face;Face;Robot_Talon;Land;0;Robot_Talon
Robot_Talon_Random;Random;Robot_Talon;Land;0;Robot_Talon
Robot_Talon_Side;Side;Robot_Talon;Land;0;Robot_Talon
Robot_Talon_GRENADE_Face;Face;Robot_Talon_GRENADE;Land;0;Robot_Talon_GRENADE
Robot_Talon_GRENADE_Random;Random;Robot_Talon_GRENADE;Land;0;Robot_Talon_GRENADE
Robot_Talon_GRENADE_Side;Side;Robot_Talon_GRENADE;Land;0;Robot_Talon_GRENADE
Robot_Talon_SWORD_Face;Face;Robot_Talon_SWORD;Land;0;Robot_Talon_SWORD
Robot_Talon_SWORD_Random;Random;Robot_Talon_SWORD;Land;0;Robot_Talon_SWORD
Robot_Talon_SWORD_Side;Side;Robot_Talon_SWORD;Land;0;Robot_Talon_SWORD
RQ-1A_Predator_Face;Face;RQ-1A_Predator;Air;0;RQ-1A_Predator
RQ-1A_Predator_Random;Random;RQ-1A_Predator;Air;0;RQ-1A_Predator
RQ-1A_Predator_Side;Side;RQ-1A_Predator;Air;0;RQ-1A_Predator
RQ-8A_Face;Face;RQ-8A;Air;0;RQ-8A
RQ-8A_Random;Random;RQ-8A;Air;0;RQ-8A
RQ-8A_Side;Side;RQ-8A;Air;0;RQ-8A
RSV_Recon_and_Surveillance_Vehicle_Face;Face;RSV_Recon_and_Surveillance_Vehicle;Land;0;RSV_Recon_and_Surveillance_Vehicle
RSV_Recon_and_Surveillance_Vehicle_Random;Random;RSV_Recon_and_Surveillance_Vehicle;Land;0;RSV_Recon_and_Surveillance_Vehicle
RSV_Recon_and_Surveillance_Vehicle_Side;Side;RSV_Recon_and_Surveillance_Vehicle;Land;0;RSV_Recon_and_Surveillance_Vehicle
S-200_SA-5_GAMMON_Face;Face;S-200_SA-5_GAMMON;Air;0;S-200_SA-5_GAMMON
S-200_SA-5_GAMMON_Random;Random;S-200_SA-5_GAMMON;Air;0;S-200_SA-5_GAMMON
S-200_SA-5_GAMMON_Side;Side;S-200_SA-5_GAMMON;Air;0;S-200_SA-5_GAMMON
S-3B_viking_Face;Face;S-3B_viking;Air;0;S-3B_viking
S-3B_viking_Random;Random;S-3B_viking;Air;0;S-3B_viking
S-3B_viking_Side;Side;S-3B_viking;Air;0;S-3B_viking
S60_Face;60_01.jpg;S60;Land;0;S60
S60_Random;60_02.jpg;S60;Land;0;S60
S60_Side;60_03.jpg;S60;Land;0;S60
S-92_Sikorsky_Face;S-92_Sikorsky_01.jpg;S-92_Sikorsky;Air;0;S-92_Sikorsky
S-92_Sikorsky_Random;S-92_Sikorsky_02.jpg;S-92_Sikorsky;Air;0;S-92_Sikorsky
S-92_Sikorsky_Side;S-92_Sikorsky_03.jpg;S-92_Sikorsky;Air;0;S-92_Sikorsky
SA-15-Gauntlet_Face;Face;SA-15-Gauntlet;Land;0;SA-15-Gauntlet
SA-15-Gauntlet_Random;Random;SA-15-Gauntlet;Land;0;SA-15-Gauntlet
SA-15-Gauntlet_Side;Side;SA-15-Gauntlet;Land;0;SA-15-Gauntlet
SA-19-Grison_Face;Face;SA-19-Grison;Land;0;SA-19-Grison
SA-19-Grison_Random;Random;SA-19-Grison;Land;0;SA-19-Grison
SA-19-Grison_Side;Side;SA-19-Grison;Land;0;SA-19-Grison
Sa-2_Face;Face;Sa-2;Air;0;Sa-2
Sa-2_Random;Random;Sa-2;Air;0;Sa-2
Sa-2_Side;Side;Sa-2;Air;0;Sa-2
Sa-4_Face;Face;Sa-4;Land;0;Sa-4
Sa-4_Random;Random;Sa-4;Land;0;Sa-4
Sa-4_Side;Side;Sa-4;Land;0;Sa-4
SA-6_Face;Face;SA-6;Land;0;SA-6
SA-6_Random;Random;SA-6;Land;0;SA-6
SA-6_Side;Side;SA-6;Land;0;SA-6
Saxon_Face;Face;Saxon;Land;0;Saxon
Saxon_Random;Random;Saxon;Land;0;Saxon
Saxon_Side;Side;Saxon;Land;0;Saxon
ScanEagle_Face;Face;ScanEagle;Air;0;ScanEagle
ScanEagle_Random;Random;ScanEagle;Air;0;ScanEagle
ScanEagle_Side;Side;ScanEagle;Air;0;ScanEagle
Shadow-200_Face;Face;Shadow-200;Air;0;Shadow-200
Shadow-200_Random;Random;Shadow-200;Air;0;Shadow-200
Shadow-200_Side;Side;Shadow-200;Air;0;Shadow-200
Silver_Fox_Face;Face;Silver_Fox;Air;0;Silver_Fox
Silver_Fox_Random;Random;Silver_Fox;Air;0;Silver_Fox
Silver_Fox_Side;Side;Silver_Fox;Air;0;Silver_Fox
Skylark_Face;Face;Skylark;Air;0;Skylark
Skylark_Random;Random;Skylark;Air;0;Skylark
Skylark_Side;Side;Skylark;Air;0;Skylark
Small_Unmanned_Ground_Vehicle_SUGV_Face;Face;Small_Unmanned_Ground_Vehicle_SUGV;Land;0;Small_Unmanned_Ground_Vehicle_SUGV
Small_Unmanned_Ground_Vehicle_SUGV_Random;Random;Small_Unmanned_Ground_Vehicle_SUGV;Land;0;Small_Unmanned_Ground_Vehicle_SUGV
Small_Unmanned_Ground_Vehicle_SUGV_Side;Side;Small_Unmanned_Ground_Vehicle_SUGV;Land;0;Small_Unmanned_Ground_Vehicle_SUGV
Stryker(M1126)_Face;Face;Stryker(M1126);Land;0;Stryker(M1126)
Stryker(M1126)_Random;Random;Stryker(M1126);Land;0;Stryker(M1126)
Stryker(M1126)_Side;Side;Stryker(M1126);Land;0;Stryker(M1126)
SU_22_M4_Face;Face;SU_22_M4;Air;0;SU_22_M4
SU_22_M4_Random;Random;SU_22_M4;Air;0;SU_22_M4
SU_22_M4_Side;Side;SU_22_M4;Air;0;SU_22_M4
SU_37_Face;Face;SU_37;Air;0;SU_37
SU_37_Random;Random;SU_37;Air;0;SU_37
SU_37_Side;Side;SU_37;Air;0;SU_37
SU-24_Face;Face;SU-24;Air;0;SU-24
SU-24_Random;Random;SU-24;Air;0;SU-24
SU-24_Side;Side;SU-24;Air;0;SU-24
Su-27_Face;Face;Su-27;Air;0;Su-27
Su-27_Random;Random;Su-27;Air;0;Su-27
Su-27_Side;Side;Su-27;Air;0;Su-27
Su-30MKI_Face;Face;Su-30MKI;Air;0;Su-30MKI
Su-30MKI_Random;Random;Su-30MKI;Air;0;Su-30MKI
Su-30MKI_Side;Side;Su-30MKI;Air;0;Su-30MKI
Su-30MKK_Face;Face;Su-30MKK;Air;0;Su-30MKK
Su-30MKK_Random;Random;Su-30MKK;Air;0;Su-30MKK
Su-30MKK_Side;Side;Su-30MKK;Air;0;Su-30MKK
SuperWedge_Launcher_Face;Face;SuperWedge_Launcher;Land;0;SuperWedge_Launcher
SuperWedge_Launcher_Random;Random;SuperWedge_Launcher;Land;0;SuperWedge_Launcher
SuperWedge_Launcher_Side;Side;SuperWedge_Launcher;Land;0;SuperWedge_Launcher
T-45a_Goshawk_Face;Face;T-45a_Goshawk;Air;0;T-45a_Goshawk
T-45a_Goshawk_Random;Random;T-45a_Goshawk;Air;0;T-45a_Goshawk
T-45a_Goshawk_Side;Side;T-45a_Goshawk;Air;0;T-45a_Goshawk
T80UM1_Face;Face;T80UM1;Land;0;T80UM1
T80UM1_Random;Random;T80UM1;Land;0;T80UM1
T80UM1_Side;Side;T80UM1;Land;0;T80UM1
T90_Face;Face;T90;Land;0;T90
T90_Random;Random;T90;Land;0;T90
T90_Side;Side;T90;Land;0;T90
trailer_generator-001_Face;Face;trailer_generator-001;Land;0;trailer_generator-001
trailer_generator-001_Random;Random;trailer_generator-001;Land;0;trailer_generator-001
trailer_generator-001_Side;Side;trailer_generator-001;Land;0;trailer_generator-001
trailer_generator-002_Face;Face;trailer_generator-002;Land;0;trailer_generator-002
trailer_generator-002_Random;Random;trailer_generator-002;Land;0;trailer_generator-002
trailer_generator-002_Side;Side;trailer_generator-002;Land;0;trailer_generator-002
truck_007_Face;Face;truck_007;Land;0;truck_007
truck_007_Random;Random;truck_007;Land;0;truck_007
truck_007_Side;Side;truck_007;Land;0;truck_007
truck_017B_Face;Face;truck_017B;Land;0;truck_017B
truck_017B_Random;Random;truck_017B;Land;0;truck_017B
truck_017B_Side;Side;truck_017B;Land;0;truck_017B
truck-010-jingle_Face;Face;truck-010-jingle;Land;0;truck-010-jingle
truck-010-jingle_Random;Random;truck-010-jingle;Land;0;truck-010-jingle
truck-010-jingle_Side;Side;truck-010-jingle;Land;0;truck-010-jingle
truck-024_usairways_Face;Face;truck-024_usairways;Land;0;truck-024_usairways
truck-024_usairways_Random;Random;truck-024_usairways;Land;0;truck-024_usairways
truck-024_usairways_Side;Side;truck-024_usairways;Land;0;truck-024_usairways
truck-025_united_Face;Face;truck-025_united;Land;0;truck-025_united
truck-025_united_Random;Random;truck-025_united;Land;0;truck-025_united
truck-025_united_Side;Side;truck-025_united;Land;0;truck-025_united
truck-027_UB-16_Face;Face;truck-027_UB-16;Land;0;truck-027_UB-16
truck-027_UB-16_Random;Random;truck-027_UB-16;Land;0;truck-027_UB-16
truck-027_UB-16_Side;Side;truck-027_UB-16;Land;0;truck-027_UB-16
truck-028_M2_Face;Face;truck-028_M2;Land;0;truck-028_M2
truck-028_M2_Random;Random;truck-028_M2;Land;0;truck-028_M2
truck-028_M2_Side;Side;truck-028_M2;Land;0;truck-028_M2
truck-029_united_Face;Face;truck-029_united;Land;0;truck-029_united
truck-029_united_Random;Random;truck-029_united;Land;0;truck-029_united
truck-029_united_Side;Side;truck-029_united;Land;0;truck-029_united
Tu22M3_Face;Face;Tu22M3;Air;0;Tu22M3
Tu22M3_Random;Random;Tu22M3;Air;0;Tu22M3
Tu22M3_Side;Side;Tu22M3;Air;0;Tu22M3
Type_63_MRL_Face;Face;Type_63_MRL;Land;0;Type_63_MRL
Type_63_MRL_Random;Random;Type_63_MRL;Land;0;Type_63_MRL
Type_63_MRL_Side;Side;Type_63_MRL;Land;0;Type_63_MRL
TYPE63_ROCKET_Face;Face;TYPE63_ROCKET;Land;0;TYPE63_ROCKET
TYPE63_ROCKET_Random;Random;TYPE63_ROCKET;Land;0;TYPE63_ROCKET
TYPE63_ROCKET_Side;Side;TYPE63_ROCKET;Land;0;TYPE63_ROCKET
Type69_Face;Face;Type69;Land;0;Type69
Type69_Random;Random;Type69;Land;0;Type69
Type69_Side;Side;Type69;Land;0;Type69
U-2_Spy_plane_Face;Face;U-2_Spy_plane;Air;0;U-2_Spy_plane
U-2_Spy_plane_Random;Random;U-2_Spy_plane;Air;0;U-2_Spy_plane
U-2_Spy_plane_Side;Side;U-2_Spy_plane;Air;0;U-2_Spy_plane
UGV_MULE_Face;Face;UGV_MULE;Land;0;UGV_MULE
UGV_MULE_Random;Random;UGV_MULE;Land;0;UGV_MULE
UGV_MULE_Side;Side;UGV_MULE;Land;0;UGV_MULE
V-22_Face;Face;V-22;Air;0;V-22
V-22_Random;Random;V-22;Air;0;V-22
V-22_Side;Side;V-22;Air;0;V-22
VAB_4x4_Face;Face;VAB_4x4;Land;0;VAB_4x4
VAB_4x4_Random;Random;VAB_4x4;Land;0;VAB_4x4
VAB_4x4_Side;Side;VAB_4x4;Land;0;VAB_4x4
VBL_Face;Face;VBL;Land;0;VBL
VBL_Random;Random;VBL;Land;0;VBL
VBL_Side;Side;VBL;Land;0;VBL
Warrior_ERMP_Face;Face;Warrior_ERMP;Air;0;Warrior_ERMP
Warrior_ERMP_Random;Random;Warrior_ERMP;Air;0;Warrior_ERMP
Warrior_ERMP_Side;Side;Warrior_ERMP;Air;0;Warrior_ERMP
Watchkeeper_Face;Face;Watchkeeper;Air;0;Watchkeeper
Watchkeeper_Random;Random;Watchkeeper;Air;0;Watchkeeper
Watchkeeper_Side;Side;Watchkeeper;Air;0;Watchkeeper
Wiesel_Oselot_Face;Face;Wiesel_Oselot;Land;0;Wiesel_Oselot
Wiesel_Oselot_Random;Random;Wiesel_Oselot;Land;0;Wiesel_Oselot
Wiesel_Oselot_Side;Side;Wiesel_Oselot;Land;0;Wiesel_Oselot
Zil_Face;Face;Zil;Land;0;Zil
Zil_Random;Random;Zil;Land;0;Zil
Zil_Side;Side;Zil;Land;0;Zil
ZILH131_Face;ZILH131_01.jpg;ZILH131;Land;0;ZILH131
ZILH131_Random;ZILH131_02.jpg;ZILH131;Land;0;ZILH131
ZILH131_Side;ZILH131_03.jpg;ZILH131;Land;0;ZILH131
ZPU-4_Face;Face;ZPU-4;Air;0;ZPU-4
ZPU-4_Random;Random;ZPU-4;Air;0;ZPU-4
ZPU-4_Side;Side;ZPU-4;Air;0;ZPU-4
ZSU23-4_Face;Face;ZSU23-4;Land;0;ZSU23-4
ZSU23-4_Random;Random;ZSU23-4;Land;0;ZSU23-4
ZSU23-4_Side;Side;ZSU23-4;Land;0;ZSU23-4
ZU_23_2_Face;Face;ZU_23_2;Air;0;ZU_23_2
ZU_23_2_Random;Random;ZU_23_2;Air;0;ZU_23_2
ZU_23_2_Side;Side;ZU_23_2;Air;0;ZU_23_2
