Name;FileName;Pict_Descript;Tags;Show_in_gallery;Product_list;Slug             (Francis)
Koni_Class_Face;Koni_Class_01.jpg;Koni_Class_Face openflight real-time 3d model simulation view;;1;;Koni_ClassTBD
Koni_Class_Random;Koni_Class_02.jpg;Koni_Class_Random openflight real-time 3d model simulation view;;1;;Koni_ClassTBD
Koni_Class_Side;Koni_Class_03.jpg;Koni_Class_Side openflight real-time 3d model simulation view;;1;;Koni_ClassTBD
M88A2_Face;M88A2_01.jpg;M88A2_Face openflight real-time 3d model simulation view;Tank;1;;M88A2
M88A2_Random;M88A2_02.jpg;M88A2_Random openflight real-time 3d model simulation view;Tank;1;;M88A2
M88A2_Side;M88A2_03.jpg;M88A2_Side openflight real-time 3d model simulation view;Tank;1;;M88A2
Frog-7B_Face;Frog-7B_01.jpg;Frog-7B_Face openflight real-time 3d model simulation view;Vehicle;1;;Frog-7B
Frog-7B_Random;Frog-7B_02.jpg;Frog-7B_Random openflight real-time 3d model simulation view;Vehicle;1;;Frog-7B
Frog-7B_Side;Frog-7B_03.jpg;Frog-7B_Side openflight real-time 3d model simulation view;Vehicle;1;;Frog-7B
BGM-109_Face;BGM-109_01.jpg;BGM-109_Face openflight real-time 3d model simulation view;Weapon;1;;BGM-109
BGM-109_Random;BGM-109_02.jpg;BGM-109_Random openflight real-time 3d model simulation view;Weapon;1;;BGM-109
BGM-109_Side;BGM-109_03.jpg;BGM-109_Side openflight real-time 3d model simulation view;Weapon;1;;BGM-109
M109A6_Face;M109A6_01.jpg;M109A6_Face openflight real-time 3d model simulation view;Tank;1;;M109A6
M109A6_Random;M109A6_02.jpg;M109A6_Random openflight real-time 3d model simulation view;Tank;1;;M109A6
M109A6_Side;M109A6_03.jpg;M109A6_Side openflight real-time 3d model simulation view;Tank;1;;M109A6
Technical-029_ZU-23-2_Face;Technical-029_ZU-23-2_01.jpg;Technical-029_ZU-23-2_Face openflight real-time 3d model simulation view;Vehicle;1;;Technical-029_ZU-23-2
Technical-029_ZU-23-2_Random;Technical-029_ZU-23-2_02.jpg;Technical-029_ZU-23-2_Random openflight real-time 3d model simulation view;Vehicle;1;;Technical-029_ZU-23-2
Technical-029_ZU-23-2_Side;Technical-029_ZU-23-2_03.jpg;Technical-029_ZU-23-2_Side openflight real-time 3d model simulation view;Vehicle;1;;Technical-029_ZU-23-2
truck-028_M2_Face;truck-028_M2_01.jpg;truck-028_M2_Face openflight real-time 3d model simulation view;Vehicle;1;;truck-028_M2
truck-028_M2_Random;truck-028_M2_02.jpg;truck-028_M2_Random openflight real-time 3d model simulation view;Vehicle;1;;truck-028_M2
truck-028_M2_Side;truck-028_M2_03.jpg;truck-028_M2_Side openflight real-time 3d model simulation view;Vehicle;1;;truck-028_M2
truck-027_UB-16_Face;truck-027_UB-16_01.jpg;truck-027_UB-16_Face openflight real-time 3d model simulation view;Vehicle;1;;truck-027_UB-16
truck-027_UB-16_Random;truck-027_UB-16_02.jpg;truck-027_UB-16_Random openflight real-time 3d model simulation view;Vehicle;1;;truck-027_UB-16
truck-027_UB-16_Side;truck-027_UB-16_03.jpg;truck-027_UB-16_Side openflight real-time 3d model simulation view;Vehicle;1;;truck-027_UB-16
Technical-023_ZU-23-1_Face;Technical-023_ZU-23-1_01.jpg;Technical-023_ZU-23-1_Face openflight real-time 3d model simulation view;Vehicle;1;;Technical-023_ZU-23-1
Technical-023_ZU-23-1_Random;Technical-023_ZU-23-1_02.jpg;Technical-023_ZU-23-1_Random openflight real-time 3d model simulation view;Vehicle;1;;Technical-023_ZU-23-1
Technical-023_ZU-23-1_Side;Technical-023_ZU-23-1_03.jpg;Technical-023_ZU-23-1_Side openflight real-time 3d model simulation view;Vehicle;1;;Technical-023_ZU-23-1
Technical-018_ZPU2_Face;Technical-018_ZPU2_01.jpg;Technical-018_ZPU2_Face openflight real-time 3d model simulation view;Vehicle;1;;Technical-018_ZPU2
Technical-018_ZPU2_Random;Technical-018_ZPU2_02.jpg;Technical-018_ZPU2_Random openflight real-time 3d model simulation view;Vehicle;1;;Technical-018_ZPU2
Technical-018_ZPU2_Side;Technical-018_ZPU2_03.jpg;Technical-018_ZPU2_Side openflight real-time 3d model simulation view;Vehicle;1;;Technical-018_ZPU2
Technical-018_RPK_Face;Technical-018_RPK_01.jpg;Technical-018_RPK_Face openflight real-time 3d model simulation view;Vehicle;1;;Technical-018_RPK
Technical-018_RPK_Random;Technical-018_RPK_02.jpg;Technical-018_RPK_Random openflight real-time 3d model simulation view;Vehicle;1;;Technical-018_RPK
Technical-018_RPK_Side;Technical-018_RPK_03.jpg;Technical-018_RPK_Side openflight real-time 3d model simulation view;Vehicle;1;;Technical-018_RPK
Technical-017_ZU-23-2_Face;Technical-017_ZU-23-2_01.jpg;Technical-017_ZU-23-2_Face openflight real-time 3d model simulation view;Vehicle;1;;Technical-017_ZU-23-2
Technical-017_ZU-23-2_Random;Technical-017_ZU-23-2_02.jpg;Technical-017_ZU-23-2_Random openflight real-time 3d model simulation view;Vehicle;1;;Technical-017_ZU-23-2
Technical-017_ZU-23-2_Side;Technical-017_ZU-23-2_03.jpg;Technical-017_ZU-23-2_Side openflight real-time 3d model simulation view;Vehicle;1;;Technical-017_ZU-23-2
Technical-014_ZU-23-2_Face;Technical-014_ZU-23-2_01.jpg;Technical-014_ZU-23-2_Face openflight real-time 3d model simulation view;Vehicle;1;;Technical-014_ZU-23-2
Technical-014_ZU-23-2_Random;Technical-014_ZU-23-2_02.jpg;Technical-014_ZU-23-2_Random openflight real-time 3d model simulation view;Vehicle;1;;Technical-014_ZU-23-2
Technical-014_ZU-23-2_Side;Technical-014_ZU-23-2_03.jpg;Technical-014_ZU-23-2_Side openflight real-time 3d model simulation view;Vehicle;1;;Technical-014_ZU-23-2
Technical-013_ZPU-4_Face;Technical-013_ZPU-4_01.jpg;Technical-013_ZPU-4_Face openflight real-time 3d model simulation view;Vehicle;1;;Technical-013_ZPU-4
Technical-013_ZPU-4_Random;Technical-013_ZPU-4_02.jpg;Technical-013_ZPU-4_Random openflight real-time 3d model simulation view;Vehicle;1;;Technical-013_ZPU-4
Technical-013_ZPU-4_Side;Technical-013_ZPU-4_03.jpg;Technical-013_ZPU-4_Side openflight real-time 3d model simulation view;Vehicle;1;;Technical-013_ZPU-4
Technical-012_ZU-23-2_Face;Technical-012_ZU-23-2_01.jpg;Technical-012_ZU-23-2_Face openflight real-time 3d model simulation view;Vehicle;1;;Technical-012_ZU-23-2
Technical-012_ZU-23-2_Random;Technical-012_ZU-23-2_02.jpg;Technical-012_ZU-23-2_Random openflight real-time 3d model simulation view;Vehicle;1;;Technical-012_ZU-23-2
Technical-012_ZU-23-2_Side;Technical-012_ZU-23-2_03.jpg;Technical-012_ZU-23-2_Side openflight real-time 3d model simulation view;Vehicle;1;;Technical-012_ZU-23-2
RC135_Face;RC135_01.jpg;RC135_Face openflight real-time 3d model simulation view;Aircraft;1;;Boeing_RC-135
RC135_Random;RC135_02.jpg;RC135_Random openflight real-time 3d model simulation view;Aircraft;1;;Boeing_RC-135
RC135_Side;RC135_03.jpg;RC135_Side openflight real-time 3d model simulation view;Aircraft;1;;Boeing_RC-135
RQ-1A_Predator_Face;RQ-1A_Predator_01.jpg;RQ-1A_Predator_Face openflight real-time 3d model simulation view;Aircraft;1;;RQ_Predator_Medium_Altitude_Endurance_UAV
RQ-1A_Predator_Random;RQ-1A_Predator_02.jpg;RQ-1A_Predator_Random openflight real-time 3d model simulation view;Aircraft;1;;RQ_Predator_Medium_Altitude_Endurance_UAV
RQ-1A_Predator_Side;RQ-1A_Predator_03.jpg;RQ-1A_Predator_Side openflight real-time 3d model simulation view;Aircraft;1;;RQ_Predator_Medium_Altitude_Endurance_UAV
S-3B_viking_Face;S-3B_viking_01.jpg;S-3B_viking_Face openflight real-time 3d model simulation view;Aircraft;1;;Lockheed_S-3_Viking
S-3B_viking_Random;S-3B_viking_02.jpg;S-3B_viking_Random openflight real-time 3d model simulation view;Aircraft;1;;Lockheed_S-3_Viking
S-3B_viking_Side;S-3B_viking_03.jpg;S-3B_viking_Side openflight real-time 3d model simulation view;Aircraft;1;;Lockheed_S-3_Viking
ScanEagle_Face;ScanEagle_01.jpg;ScanEagle_Face openflight real-time 3d model simulation view;Aircraft;1;;Boeing_ScanEagle
ScanEagle_Random;ScanEagle_02.jpg;ScanEagle_Random openflight real-time 3d model simulation view;Aircraft;1;;Boeing_ScanEagle
ScanEagle_Side;ScanEagle_03.jpg;ScanEagle_Side openflight real-time 3d model simulation view;Aircraft;1;;Boeing_ScanEagle
Silver_Fox_Face;Silver_Fox_01.jpg;Silver_Fox_Face openflight real-time 3d model simulation view;Aircraft;1;;Silver_Fox
Silver_Fox_Random;Silver_Fox_02.jpg;Silver_Fox_Random openflight real-time 3d model simulation view;Aircraft;1;;Silver_Fox
Silver_Fox_Side;Silver_Fox_03.jpg;Silver_Fox_Side openflight real-time 3d model simulation view;Aircraft;1;;Silver_Fox
Skylark_Face;Skylark_01.jpg;Skylark_Face openflight real-time 3d model simulation view;Aircraft;1;;Skylark
Skylark_Random;Skylark_02.jpg;Skylark_Random openflight real-time 3d model simulation view;Aircraft;1;;Skylark
Skylark_Side;Skylark_03.jpg;Skylark_Side openflight real-time 3d model simulation view;Aircraft;1;;Skylark
SU-24_Face;SU-24_01.jpg;SU-24_Face openflight real-time 3d model simulation view;Aircraft;1;;Su-24_Fencer
SU-24_Random;SU-24_02.jpg;SU-24_Random openflight real-time 3d model simulation view;Aircraft;1;;Su-24_Fencer
SU-24_Side;SU-24_03.jpg;SU-24_Side openflight real-time 3d model simulation view;Aircraft;1;;Su-24_Fencer
Su-27_Face;Su-27_01.jpg;Su-27_Face openflight real-time 3d model simulation view;Aircraft;1;;Su-27_Flanker
Su-27_Random;Su-27_02.jpg;Su-27_Random openflight real-time 3d model simulation view;Aircraft;1;;Su-27_Flanker
Su-27_Side;Su-27_03.jpg;Su-27_Side openflight real-time 3d model simulation view;Aircraft;1;;Su-27_Flanker
Su-30MKI_Face;Su-30MKI_01.jpg;Su-30MKI_Face openflight real-time 3d model simulation view;Aircraft;1;;Su-30MKI
Su-30MKI_Random;Su-30MKI_02.jpg;Su-30MKI_Random openflight real-time 3d model simulation view;Aircraft;1;;Su-30MKI
Su-30MKI_Side;Su-30MKI_03.jpg;Su-30MKI_Side openflight real-time 3d model simulation view;Aircraft;1;;Su-30MKI
Su-30MKK_Face;Su-30MKK_01.jpg;Su-30MKK_Face openflight real-time 3d model simulation view;Aircraft;1;;Su-30MKK
Su-30MKK_Random;Su-30MKK_02.jpg;Su-30MKK_Random openflight real-time 3d model simulation view;Aircraft;1;;Su-30MKK
Su-30MKK_Side;Su-30MKK_03.jpg;Su-30MKK_Side openflight real-time 3d model simulation view;Aircraft;1;;Su-30MKK
SU_37_Face;SU_37_01.jpg;SU_37_Face openflight real-time 3d model simulation view;Aircraft;1;;Su-37_multirole_fighter
SU_37_Random;SU_37_02.jpg;SU_37_Random openflight real-time 3d model simulation view;Aircraft;1;;Su-37_multirole_fighter
SU_37_Side;SU_37_03.jpg;SU_37_Side openflight real-time 3d model simulation view;Aircraft;1;;Su-37_multirole_fighter
T-45a_Goshawk_Face;T-45a_Goshawk_01.jpg;T-45a_Goshawk_Face openflight real-time 3d model simulation view;Aircraft;1;;Goshawk_T-45A
T-45a_Goshawk_Random;T-45a_Goshawk_02.jpg;T-45a_Goshawk_Random openflight real-time 3d model simulation view;Aircraft;1;;Goshawk_T-45A
T-45a_Goshawk_Side;T-45a_Goshawk_03.jpg;T-45a_Goshawk_Side openflight real-time 3d model simulation view;Aircraft;1;;Goshawk_T-45A
U-2_Spy_plane_Face;U-2_Spy_plane_01.jpg;U-2_Spy_plane_Face openflight real-time 3d model simulation view;Aircraft;1;;Lockheed_U-2
U-2_Spy_plane_Random;U-2_Spy_plane_02.jpg;U-2_Spy_plane_Random openflight real-time 3d model simulation view;Aircraft;1;;Lockheed_U-2
U-2_Spy_plane_Side;U-2_Spy_plane_03.jpg;U-2_Spy_plane_Side openflight real-time 3d model simulation view;Aircraft;1;;Lockheed_U-2
V-22_Face;V-22_01.jpg;V-22_Face openflight real-time 3d model simulation view;Aircraft;1;;Bell_Boeing_V-22_Osprey
V-22_Random;V-22_02.jpg;V-22_Random openflight real-time 3d model simulation view;Aircraft;1;;Bell_Boeing_V-22_Osprey
V-22_Side;V-22_03.jpg;V-22_Side openflight real-time 3d model simulation view;Aircraft;1;;Bell_Boeing_V-22_Osprey
Warrior_ERMP_Face;Warrior_ERMP_01.jpg;Warrior_ERMP_Face openflight real-time 3d model simulation view;Aircraft;1;;Warrior_ERMP
Warrior_ERMP_Random;Warrior_ERMP_02.jpg;Warrior_ERMP_Random openflight real-time 3d model simulation view;Aircraft;1;;Warrior_ERMP
Warrior_ERMP_Side;Warrior_ERMP_03.jpg;Warrior_ERMP_Side openflight real-time 3d model simulation view;Aircraft;1;;Warrior_ERMP
Watchkeeper_Face;Watchkeeper_01.jpg;Watchkeeper_Face openflight real-time 3d model simulation view;Aircraft;1;;Watchkeeper
Watchkeeper_Random;Watchkeeper_02.jpg;Watchkeeper_Random openflight real-time 3d model simulation view;Aircraft;1;;Watchkeeper
Watchkeeper_Side;Watchkeeper_03.jpg;Watchkeeper_Side openflight real-time 3d model simulation view;Aircraft;1;;Watchkeeper
2S12_Face;2S12_01.jpg;2S12_Face openflight real-time 3d model simulation view;Artillerie;1;;2S12_120a-mm
2S12_Random;2S12_02.jpg;2S12_Random openflight real-time 3d model simulation view;Artillerie;1;;2S12_120a-mm
2S12_Side;2S12_03.jpg;2S12_Side openflight real-time 3d model simulation view;Artillerie;1;;2S12_120a-mm
57MM_S60_Face;57MM_S60_01.jpg;57MM_S60_Face openflight real-time 3d model simulation view;Artillerie;1;;S-60_57mm_AA_Gun
57MM_S60_Random;57MM_S60_02.jpg;57MM_S60_Random openflight real-time 3d model simulation view;Artillerie;1;;S-60_57mm_AA_Gun
57MM_S60_Side;57MM_S60_03.jpg;57MM_S60_Side openflight real-time 3d model simulation view;Artillerie;1;;S-60_57mm_AA_Gun
G5_155mm_Face;G5_155mm_01.jpg;G5_155mm_Face openflight real-time 3d model simulation view;Artillerie;1;;Type_WA_021_WAC-21_155mm_Gun-Howitzer
G5_155mm_Random;G5_155mm_02.jpg;G5_155mm_Random openflight real-time 3d model simulation view;Artillerie;1;;Type_WA_021_WAC-21_155mm_Gun-Howitzer
G5_155mm_Side;G5_155mm_03.jpg;G5_155mm_Side openflight real-time 3d model simulation view;Artillerie;1;;Type_WA_021_WAC-21_155mm_Gun-Howitzer
KPV_TOWED_Face;KPV_TOWED_01.jpg;KPV_TOWED_Face openflight real-time 3d model simulation view;Artillerie;1;;KPV_TOWED
KPV_TOWED_Random;KPV_TOWED_02.jpg;KPV_TOWED_Random openflight real-time 3d model simulation view;Artillerie;1;;KPV_TOWED
KPV_TOWED_Side;KPV_TOWED_03.jpg;KPV_TOWED_Side openflight real-time 3d model simulation view;Artillerie;1;;KPV_TOWED
M-220_Tow_Face;M-220_Tow_01.jpg;M-220_Tow_Face openflight real-time 3d model simulation view;Artillerie;1;;M-220_Tow
M-220_Tow_Random;M-220_Tow_02.jpg;M-220_Tow_Random openflight real-time 3d model simulation view;Artillerie;1;;M-220_Tow
M-220_Tow_Side;M-220_Tow_03.jpg;M-220_Tow_Side openflight real-time 3d model simulation view;Artillerie;1;;M-220_Tow
M115_HOW_Face;M115_HOW_01.jpg;M115_HOW_Face openflight real-time 3d model simulation view;Artillerie;1;;M115_8-inch_Howitzer
M115_HOW_Random;M115_HOW_02.jpg;M115_HOW_Random openflight real-time 3d model simulation view;Artillerie;1;;M115_8-inch_Howitzer
M115_HOW_Side;M115_HOW_03.jpg;M115_HOW_Side openflight real-time 3d model simulation view;Artillerie;1;;M115_8-inch_Howitzer
PAC3_M901_Face;PAC3_M901_01.jpg;PAC3_M901_Face openflight real-time 3d model simulation view;Artillerie;1;;M901_40-mm_machine_gun
PAC3_M901_Random;PAC3_M901_02.jpg;PAC3_M901_Random openflight real-time 3d model simulation view;Artillerie;1;;M901_40-mm_machine_gun
PAC3_M901_Side;PAC3_M901_03.jpg;PAC3_M901_Side openflight real-time 3d model simulation view;Artillerie;1;;M901_40-mm_machine_gun
A320_Face;A320_01.jpg;A320_Face openflight real-time 3d model simulation view;Aircraft;1;;A320_AirBus
A320_Random;A320_02.jpg;A320_Random openflight real-time 3d model simulation view;Aircraft;1;;A320_AirBus
A320_Side;A320_03.jpg;A320_Side openflight real-time 3d model simulation view;Aircraft;1;;A320_AirBus
AN-2_Face;AN-2_01.jpg;AN-2_Face openflight real-time 3d model simulation view;Aircraft;1;;An-2-3_Colt
AN-2_Random;AN-2_02.jpg;AN-2_Random openflight real-time 3d model simulation view;Aircraft;1;;An-2-3_Colt
AN-2_Side;AN-2_03.jpg;AN-2_Side openflight real-time 3d model simulation view;Aircraft;1;;An-2-3_Colt
A-10_Face;A-10_01.jpg;A-10_Face openflight real-time 3d model simulation view;Aircraft;1;;Fairchild_Republic_A-10_Thunderbolt_II
A-10_Random;A-10_02.jpg;A-10_Random openflight real-time 3d model simulation view;Aircraft;1;;Fairchild_Republic_A-10_Thunderbolt_II
A-10_Side;A-10_03.jpg;A-10_Side openflight real-time 3d model simulation view;Aircraft;1;;Fairchild_Republic_A-10_Thunderbolt_II
BAe_Hawk_200_Face;BAe_Hawk_200_01.jpg;BAe_Hawk_200_Face openflight real-time 3d model simulation view;Aircraft;1;;Bae_Hawk
BAe_Hawk_200_Random;BAe_Hawk_200_02.jpg;BAe_Hawk_200_Random openflight real-time 3d model simulation view;Aircraft;1;;Bae_Hawk
BAe_Hawk_200_Side;BAe_Hawk_200_03.jpg;BAe_Hawk_200_Side openflight real-time 3d model simulation view;Aircraft;1;;Bae_Hawk
Boeing_737_Face;Boeing_737_01.jpg;Boeing_737_Face openflight real-time 3d model simulation view;Aircraft;1;;Boeing_737
Boeing_737_Random;Boeing_737_02.jpg;Boeing_737_Random openflight real-time 3d model simulation view;Aircraft;1;;Boeing_737
Boeing_737_Side;Boeing_737_03.jpg;Boeing_737_Side openflight real-time 3d model simulation view;Aircraft;1;;Boeing_737
Boeing_747_Face;Boeing_747_01.jpg;Boeing_747_Face openflight real-time 3d model simulation view;Aircraft;1;;Boeing_747-400
Boeing_747_Random;Boeing_747_02.jpg;Boeing_747_Random openflight real-time 3d model simulation view;Aircraft;1;;Boeing_747-400
Boeing_747_Side;Boeing_747_03.jpg;Boeing_747_Side openflight real-time 3d model simulation view;Aircraft;1;;Boeing_747-400
C-12_Huron_Face;C-12_Huron_01.jpg;C-12_Huron_Face openflight real-time 3d model simulation view;Aircraft;1;;C-12
C-12_Huron_Random;C-12_Huron_02.jpg;C-12_Huron_Random openflight real-time 3d model simulation view;Aircraft;1;;C-12
C-12_Huron_Side;C-12_Huron_03.jpg;C-12_Huron_Side openflight real-time 3d model simulation view;Aircraft;1;;C-12
C-130_Face;C-130_01.jpg;C-130_Face openflight real-time 3d model simulation view;Aircraft;1;;Lockheed_C-130
C-130_Random;C-130_02.jpg;C-130_Random openflight real-time 3d model simulation view;Aircraft;1;;Lockheed_C-130
C-130_Side;C-130_03.jpg;C-130_Side openflight real-time 3d model simulation view;Aircraft;1;;Lockheed_C-130
C-141B_Starlifter_Face;C-141B_Starlifter_01.jpg;C-141B_Starlifter_Face openflight real-time 3d model simulation view;Aircraft;1;;C-141B_Starlifter
C-141B_Starlifter_Random;C-141B_Starlifter_02.jpg;C-141B_Starlifter_Random openflight real-time 3d model simulation view;Aircraft;1;;C-141B_Starlifter
C-141B_Starlifter_Side;C-141B_Starlifter_03.jpg;C-141B_Starlifter_Side openflight real-time 3d model simulation view;Aircraft;1;;C-141B_Starlifter
C23_Sherpa_Face;C23_Sherpa_01.jpg;C23_Sherpa_Face openflight real-time 3d model simulation view;Aircraft;1;;C-23A_Sherpa
C23_Sherpa_Random;C23_Sherpa_02.jpg;C23_Sherpa_Random openflight real-time 3d model simulation view;Aircraft;1;;C-23A_Sherpa
C23_Sherpa_Side;C23_Sherpa_03.jpg;C23_Sherpa_Side openflight real-time 3d model simulation view;Aircraft;1;;C-23A_Sherpa
E2C_Hawkeye_Face;E2C_Hawkeye_01.jpg;E2C_Hawkeye_Face openflight real-time 3d model simulation view;Aircraft;1;;E-2_Hawkeye
E2C_Hawkeye_Random;E2C_Hawkeye_02.jpg;E2C_Hawkeye_Random openflight real-time 3d model simulation view;Aircraft;1;;E-2_Hawkeye
E2C_Hawkeye_Side;E2C_Hawkeye_03.jpg;E2C_Hawkeye_Side openflight real-time 3d model simulation view;Aircraft;1;;E-2_Hawkeye
E3A_Face;E3A_01.jpg;E3A_Face openflight real-time 3d model simulation view;Aircraft;1;;Boeing_E-3_Sentry
E3A_Random;E3A_02.jpg;E3A_Random openflight real-time 3d model simulation view;Aircraft;1;;Boeing_E-3_Sentry
E3A_Side;E3A_03.jpg;E3A_Side openflight real-time 3d model simulation view;Aircraft;1;;Boeing_E-3_Sentry
EA-6B_Face;EA-6B_01.jpg;EA-6B_Face openflight real-time 3d model simulation view;Aircraft;1;;EA-6_Prowler
EA-6B_Random;EA-6B_02.jpg;EA-6B_Random openflight real-time 3d model simulation view;Aircraft;1;;EA-6_Prowler
EA-6B_Side;EA-6B_03.jpg;EA-6B_Side openflight real-time 3d model simulation view;Aircraft;1;;EA-6_Prowler
F-15C_Face;F-15C_01.jpg;F-15C_Face openflight real-time 3d model simulation view;Aircraft;1;;F-15_Eagle
F-15C_Random;F-15C_02.jpg;F-15C_Random openflight real-time 3d model simulation view;Aircraft;1;;F-15_Eagle
F-15C_Side;F-15C_03.jpg;F-15C_Side openflight real-time 3d model simulation view;Aircraft;1;;F-15_Eagle
F-15E_Face;F-15E_01.jpg;F-15E_Face openflight real-time 3d model simulation view;Aircraft;1;;F-15E
F-15E_Random;F-15E_02.jpg;F-15E_Random openflight real-time 3d model simulation view;Aircraft;1;;F-15E
F-15E_Side;F-15E_03.jpg;F-15E_Side openflight real-time 3d model simulation view;Aircraft;1;;F-15E
F16_Face;F16_01.jpg;F16_Face openflight real-time 3d model simulation view;Aircraft;1;;F-16_Fighting_Falcon
F16_Random;F16_02.jpg;F16_Random openflight real-time 3d model simulation view;Aircraft;1;;F-16_Fighting_Falcon
F16_Side;F16_03.jpg;F16_Side openflight real-time 3d model simulation view;Aircraft;1;;F-16_Fighting_Falcon
F4_Phantom_Face;F4_Phantom_01.jpg;F4_Phantom_Face openflight real-time 3d model simulation view;Aircraft;1;;F-4_Phantom_II
F4_Phantom_Random;F4_Phantom_02.jpg;F4_Phantom_Random openflight real-time 3d model simulation view;Aircraft;1;;F-4_Phantom_II
F4_Phantom_Side;F4_Phantom_03.jpg;F4_Phantom_Side openflight real-time 3d model simulation view;Aircraft;1;;F-4_Phantom_II
FA-18C_Face;FA-18C_01.jpg;FA-18C_Face openflight real-time 3d model simulation view;Aircraft;1;;McDonnell-Douglas_FA-18_Hornet
FA-18C_Random;FA-18C_02.jpg;FA-18C_Random openflight real-time 3d model simulation view;Aircraft;1;;McDonnell-Douglas_FA-18_Hornet
FA-18C_Side;FA-18C_03.jpg;FA-18C_Side openflight real-time 3d model simulation view;Aircraft;1;;McDonnell-Douglas_FA-18_Hornet
HAWK_Face;HAWK_01.jpg;HAWK_Face openflight real-time 3d model simulation view;Aircraft;1;;Raytheon_HAWK_Low-to-Medium_Altitude_SAM_System
HAWK_Random;HAWK_02.jpg;HAWK_Random openflight real-time 3d model simulation view;Aircraft;1;;Raytheon_HAWK_Low-to-Medium_Altitude_SAM_System
HAWK_Side;HAWK_03.jpg;HAWK_Side openflight real-time 3d model simulation view;Aircraft;1;;Raytheon_HAWK_Low-to-Medium_Altitude_SAM_System
IL-76_Face;IL-76_01.jpg;IL-76_Face openflight real-time 3d model simulation view;Aircraft;1;;Il-76_Candid
IL-76_Random;IL-76_02.jpg;IL-76_Random openflight real-time 3d model simulation view;Aircraft;1;;Il-76_Candid
IL-76_Side;IL-76_03.jpg;IL-76_Side openflight real-time 3d model simulation view;Aircraft;1;;Il-76_Candid
J10_Face;J10_01.jpg;J10_Face openflight real-time 3d model simulation view;Aircraft;1;;J10
J10_Random;J10_02.jpg;J10_Random openflight real-time 3d model simulation view;Aircraft;1;;J10
J10_Side;J10_03.jpg;J10_Side openflight real-time 3d model simulation view;Aircraft;1;;J10
Jaguar_Face;Jaguar_01.jpg;Jaguar_Face openflight real-time 3d model simulation view;Aircraft;1;;Jaguar
Jaguar_Random;Jaguar_02.jpg;Jaguar_Random openflight real-time 3d model simulation view;Aircraft;1;;Jaguar
Jaguar_Side;Jaguar_03.jpg;Jaguar_Side openflight real-time 3d model simulation view;Aircraft;1;;Jaguar
KC-10A_Face;KC-10A_01.jpg;KC-10A_Face openflight real-time 3d model simulation view;Aircraft;1;;McDonnell-Douglas_KC-10_Extender
KC-10A_Random;KC-10A_02.jpg;KC-10A_Random openflight real-time 3d model simulation view;Aircraft;1;;McDonnell-Douglas_KC-10_Extender
KC-10A_Side;KC-10A_03.jpg;KC-10A_Side openflight real-time 3d model simulation view;Aircraft;1;;McDonnell-Douglas_KC-10_Extender
KC-135_Face;KC-135_01.jpg;KC-135_Face openflight real-time 3d model simulation view;Aircraft;1;;Boeing_KC-135_Stratotanker
KC-135_Random;KC-135_02.jpg;KC-135_Random openflight real-time 3d model simulation view;Aircraft;1;;Boeing_KC-135_Stratotanker
KC-135_Side;KC-135_03.jpg;KC-135_Side openflight real-time 3d model simulation view;Aircraft;1;;Boeing_KC-135_Stratotanker
Boeing_B-52D_Face;Boeing_B-52D_01.jpg;Boeing_B-52D_Face openflight real-time 3d model simulation view;Aircraft;1;;Boeing_B-52_Stratofortress
Boeing_B-52D_Random;Boeing_B-52D_02.jpg;Boeing_B-52D_Random openflight real-time 3d model simulation view;Aircraft;1;;Boeing_B-52_Stratofortress
Boeing_B-52D_Side;Boeing_B-52D_03.jpg;Boeing_B-52D_Side openflight real-time 3d model simulation view;Aircraft;1;;Boeing_B-52_Stratofortress
L-159_Face;L-159_01.jpg;L-159_Face openflight real-time 3d model simulation view;Aircraft;1;;Aero_L-159
L-159_Random;L-159_02.jpg;L-159_Random openflight real-time 3d model simulation view;Aircraft;1;;Aero_L-159
L-159_Side;L-159_03.jpg;L-159_Side openflight real-time 3d model simulation view;Aircraft;1;;Aero_L-159
Mig-25_Face;Mig-25_01.jpg;Mig-25_Face openflight real-time 3d model simulation view;Aircraft;1;;MiG-25_Foxbat
Mig-25_Random;Mig-25_02.jpg;Mig-25_Random openflight real-time 3d model simulation view;Aircraft;1;;MiG-25_Foxbat
Mig-25_Side;Mig-25_03.jpg;Mig-25_Side openflight real-time 3d model simulation view;Aircraft;1;;MiG-25_Foxbat
MiG-29_Face;MiG-29_01.jpg;MiG-29_Face openflight real-time 3d model simulation view;Aircraft;1;;MiG-29_Fulcrum
MiG-29_Random;MiG-29_02.jpg;MiG-29_Random openflight real-time 3d model simulation view;Aircraft;1;;MiG-29_Fulcrum
MiG-29_Side;MiG-29_03.jpg;MiG-29_Side openflight real-time 3d model simulation view;Aircraft;1;;MiG-29_Fulcrum
MIG-31_Face;MIG-31_01.jpg;MIG-31_Face openflight real-time 3d model simulation view;Aircraft;1;;MiG-31_Foxhound
MIG-31_Random;MIG-31_02.jpg;MIG-31_Random openflight real-time 3d model simulation view;Aircraft;1;;MiG-31_Foxhound
MIG-31_Side;MIG-31_03.jpg;MIG-31_Side openflight real-time 3d model simulation view;Aircraft;1;;MiG-31_Foxhound
MIRAGE_2000C_Face;MIRAGE_2000C_01.jpg;MIRAGE_2000C_Face openflight real-time 3d model simulation view;Aircraft;1;;Mirage_2000
MIRAGE_2000C_Random;MIRAGE_2000C_02.jpg;MIRAGE_2000C_Random openflight real-time 3d model simulation view;Aircraft;1;;Mirage_2000
MIRAGE_2000C_Side;MIRAGE_2000C_03.jpg;MIRAGE_2000C_Side openflight real-time 3d model simulation view;Aircraft;1;;Mirage_2000
Mirage_F1_Face;Mirage_F1_01.jpg;Mirage_F1_Face openflight real-time 3d model simulation view;Aircraft;1;;Mirage_F-1
Mirage_F1_Random;Mirage_F1_02.jpg;Mirage_F1_Random openflight real-time 3d model simulation view;Aircraft;1;;Mirage_F-1
Mirage_F1_Side;Mirage_F1_03.jpg;Mirage_F1_Side openflight real-time 3d model simulation view;Aircraft;1;;Mirage_F-1
PC-9_Face;PC-9_01.jpg;PC-9_Face openflight real-time 3d model simulation view;Aircraft;1;;Pilatus_Flugzeugwerke_SA_PC-9
PC-9_Random;PC-9_02.jpg;PC-9_Random openflight real-time 3d model simulation view;Aircraft;1;;Pilatus_Flugzeugwerke_SA_PC-9
PC-9_Side;PC-9_03.jpg;PC-9_Side openflight real-time 3d model simulation view;Aircraft;1;;Pilatus_Flugzeugwerke_SA_PC-9
Pelikan_Face;Pelikan_01.jpg;Pelikan_Face openflight real-time 3d model simulation view;Aircraft;1;;Pelikan
Pelikan_Random;Pelikan_02.jpg;Pelikan_Random openflight real-time 3d model simulation view;Aircraft;1;;Pelikan
Pelikan_Side;Pelikan_03.jpg;Pelikan_Side openflight real-time 3d model simulation view;Aircraft;1;;Pelikan
AH-64D_Face;AH-64D_01.jpg;AH-64D_Face openflight real-time 3d model simulation view;Helicopter;1;;AH-64D
AH-64D_Random;AH-64D_02.jpg;AH-64D_Random openflight real-time 3d model simulation view;Helicopter;1;;AH-64D
AH-64D_Side;AH-64D_03.jpg;AH-64D_Side openflight real-time 3d model simulation view;Helicopter;1;;AH-64D
ARH-70_Face;ARH-70_01.jpg;ARH-70_Face openflight real-time 3d model simulation view;Helicopter;1;;ARH-70
ARH-70_Random;ARH-70_02.jpg;ARH-70_Random openflight real-time 3d model simulation view;Helicopter;1;;ARH-70
ARH-70_Side;ARH-70_03.jpg;ARH-70_Side openflight real-time 3d model simulation view;Helicopter;1;;ARH-70
CH-47D_Face;CH-47D_01.jpg;CH-47D_Face openflight real-time 3d model simulation view;Helicopter;1;;Boeing_Models_114/414
CH-47D_Random;CH-47D_02.jpg;CH-47D_Random openflight real-time 3d model simulation view;Helicopter;1;;Boeing_Models_114/414
CH-47D_Side;CH-47D_03.jpg;CH-47D_Side openflight real-time 3d model simulation view;Helicopter;1;;Boeing_Models_114/414
Class_I_UAV_Face;Class_I_UAV_01.jpg;Class_I_UAV_Face openflight real-time 3d model simulation view;Helicopter;1;;FCS_UAV_Class_I
Class_I_UAV_Random;Class_I_UAV_02.jpg;Class_I_UAV_Random openflight real-time 3d model simulation view;Helicopter;1;;FCS_UAV_Class_I
Class_I_UAV_Side;Class_I_UAV_03.jpg;Class_I_UAV_Side openflight real-time 3d model simulation view;Helicopter;1;;FCS_UAV_Class_I
Class_II_UAV_Face;Class_II_UAV_01.jpg;Class_II_UAV_Face openflight real-time 3d model simulation view;Helicopter;1;;FCS_UAV_Class_II
Class_II_UAV_Random;Class_II_UAV_02.jpg;Class_II_UAV_Random openflight real-time 3d model simulation view;Helicopter;1;;FCS_UAV_Class_II
Class_II_UAV_Side;Class_II_UAV_03.jpg;Class_II_UAV_Side openflight real-time 3d model simulation view;Helicopter;1;;FCS_UAV_Class_II
Class_III_UAV_Face;Class_III_UAV_01.jpg;Class_III_UAV_Face openflight real-time 3d model simulation view;Helicopter;1;;FCS_UAV_Class_III
Class_III_UAV_Random;Class_III_UAV_02.jpg;Class_III_UAV_Random openflight real-time 3d model simulation view;Helicopter;1;;FCS_UAV_Class_III
Class_III_UAV_Side;Class_III_UAV_03.jpg;Class_III_UAV_Side openflight real-time 3d model simulation view;Helicopter;1;;FCS_UAV_Class_III
Class_IV_UAV_Face;Class_IV_UAV_01.jpg;Class_IV_UAV_Face openflight real-time 3d model simulation view;Helicopter;1;;FCS_UAV_Class_IV
Class_IV_UAV_Random;Class_IV_UAV_02.jpg;Class_IV_UAV_Random openflight real-time 3d model simulation view;Helicopter;1;;FCS_UAV_Class_IV
Class_IV_UAV_Side;Class_IV_UAV_03.jpg;Class_IV_UAV_Side openflight real-time 3d model simulation view;Helicopter;1;;FCS_UAV_Class_IV
MAV_Face;MAV_01.jpg;MAV_Face openflight real-time 3d model simulation view;Helicopter;1;;MAV
MAV_Random;MAV_02.jpg;MAV_Random openflight real-time 3d model simulation view;Helicopter;1;;MAV
MAV_Side;MAV_03.jpg;MAV_Side openflight real-time 3d model simulation view;Helicopter;1;;MAV
Mi-2UPR_Face;Mi-2UPR_01.jpg;Mi-2UPR_Face openflight real-time 3d model simulation view;Helicopter;1;;Mi-2UPR
Mi-2UPR_Random;Mi-2UPR_02.jpg;Mi-2UPR_Random openflight real-time 3d model simulation view;Helicopter;1;;Mi-2UPR
Mi-2UPR_Side;Mi-2UPR_03.jpg;Mi-2UPR_Side openflight real-time 3d model simulation view;Helicopter;1;;Mi-2UPR
MI-28_Havoc_Face;MI-28_Havoc_01.jpg;MI-28_Havoc_Face openflight real-time 3d model simulation view;Helicopter;1;;Mi-28_Havoc
MI-28_Havoc_Random;MI-28_Havoc_02.jpg;MI-28_Havoc_Random openflight real-time 3d model simulation view;Helicopter;1;;Mi-28_Havoc
MI-28_Havoc_Side;MI-28_Havoc_03.jpg;MI-28_Havoc_Side openflight real-time 3d model simulation view;Helicopter;1;;Mi-28_Havoc
RQ-8A_Face;RQ-8A_01.jpg;RQ-8A_Face openflight real-time 3d model simulation view;Helicopter;1;;RQ-8A
RQ-8A_Random;RQ-8A_02.jpg;RQ-8A_Random openflight real-time 3d model simulation view;Helicopter;1;;RQ-8A
RQ-8A_Side;RQ-8A_03.jpg;RQ-8A_Side openflight real-time 3d model simulation view;Helicopter;1;;RQ-8A
S-92_Sikorsky_Face;S-92_Sikorsky_01.jpg;S-92_Sikorsky_Face openflight real-time 3d model simulation view;Helicopter;1;;S-92_Sikorsky
S-92_Sikorsky_Random;S-92_Sikorsky_02.jpg;S-92_Sikorsky_Random openflight real-time 3d model simulation view;Helicopter;1;;S-92_Sikorsky
S-92_Sikorsky_Side;S-92_Sikorsky_03.jpg;S-92_Sikorsky_Side openflight real-time 3d model simulation view;Helicopter;1;;S-92_Sikorsky
DDG-1000_Zumwalt_Face;DDG-1000_Zumwalt_01.jpg;DDG-1000_Zumwalt_Face openflight real-time 3d model simulation view;Ships;1;;DDG-1000_Zumwalt
DDG-1000_Zumwalt_Random;DDG-1000_Zumwalt_02.jpg;DDG-1000_Zumwalt_Random openflight real-time 3d model simulation view;Ships;1;;DDG-1000_Zumwalt
DDG-1000_Zumwalt_Side;DDG-1000_Zumwalt_03.jpg;DDG-1000_Zumwalt_Side openflight real-time 3d model simulation view;Ships;1;;DDG-1000_Zumwalt
KittyHawk_Face;KittyHawk_01.jpg;KittyHawk_Face openflight real-time 3d model simulation view;Ships;1;;John_F-Kennedy_Class_Kitty_Hawk
KittyHawk_Random;KittyHawk_02.jpg;KittyHawk_Random openflight real-time 3d model simulation view;Ships;1;;John_F-Kennedy_Class_Kitty_Hawk
KittyHawk_Side;KittyHawk_03.jpg;KittyHawk_Side openflight real-time 3d model simulation view;Ships;1;;John_F-Kennedy_Class_Kitty_Hawk
Patrolboat_Sing_Face;Patrolboat_Sing_01.jpg;Patrolboat_Sing_Face openflight real-time 3d model simulation view;Ships;1;;Sawar_Class_inshore_patrol_boat
Patrolboat_Sing_Random;Patrolboat_Sing_02.jpg;Patrolboat_Sing_Random openflight real-time 3d model simulation view;Ships;1;;Sawar_Class_inshore_patrol_boat
Patrolboat_Sing_Side;Patrolboat_Sing_03.jpg;Patrolboat_Sing_Side openflight real-time 3d model simulation view;Ships;1;;Sawar_Class_inshore_patrol_boat
AAVc7A_Face;AAVc7A_01.jpg;AAVc7A_Face openflight real-time 3d model simulation view;Tank;1;;FMC_AAV7A1_LVTP7A1
AAVc7A_Random;AAVc7A_02.jpg;AAVc7A_Random openflight real-time 3d model simulation view;Tank;1;;FMC_AAV7A1_LVTP7A1
AAVc7A_Side;AAVc7A_03.jpg;AAVc7A_Side openflight real-time 3d model simulation view;Tank;1;;FMC_AAV7A1_LVTP7A1
AMX-30_Face;AMX-30_01.jpg;AMX-30_Face openflight real-time 3d model simulation view;Tank;1;;AMX-30
AMX-30_Random;AMX-30_02.jpg;AMX-30_Random openflight real-time 3d model simulation view;Tank;1;;AMX-30
AMX-30_Side;AMX-30_03.jpg;AMX-30_Side openflight real-time 3d model simulation view;Tank;1;;AMX-30
Armed_Robotic_Vehicle_ARV_Face;Armed_Robotic_Vehicle_ARV_01.jpg;Armed_Robotic_Vehicle_ARV_Face openflight real-time 3d model simulation view;Tank;1;;Buffel_ARV
Armed_Robotic_Vehicle_ARV_Random;Armed_Robotic_Vehicle_ARV_02.jpg;Armed_Robotic_Vehicle_ARV_Random openflight real-time 3d model simulation view;Tank;1;;Buffel_ARV
Armed_Robotic_Vehicle_ARV_Side;Armed_Robotic_Vehicle_ARV_03.jpg;Armed_Robotic_Vehicle_ARV_Side openflight real-time 3d model simulation view;Tank;1;;Buffel_ARV
AS_90_Face;AS_90_01.jpg;AS_90_Face openflight real-time 3d model simulation view;Tank;1;;AS90_155-mm
AS_90_Random;AS_90_02.jpg;AS_90_Random openflight real-time 3d model simulation view;Tank;1;;AS90_155-mm
AS_90_Side;AS_90_03.jpg;AS_90_Side openflight real-time 3d model simulation view;Tank;1;;AS90_155-mm
BAE_Black_Knight_Face;BAE_Black_Knight_01.jpg;BAE_Black_Knight_Face openflight real-time 3d model simulation view;Tank;1;;BAE_Black_Knight
BAE_Black_Knight_Random;BAE_Black_Knight_02.jpg;BAE_Black_Knight_Random openflight real-time 3d model simulation view;Tank;1;;BAE_Black_Knight
BAE_Black_Knight_Side;BAE_Black_Knight_03.jpg;BAE_Black_Knight_Side openflight real-time 3d model simulation view;Tank;1;;BAE_Black_Knight
BMD-2_Face;BMD-2_01.jpg;BMD-2_Face openflight real-time 3d model simulation view;Tank;1;;BMD-2
BMD-2_Random;BMD-2_02.jpg;BMD-2_Random openflight real-time 3d model simulation view;Tank;1;;BMD-2
BMD-2_Side;BMD-2_03.jpg;BMD-2_Side openflight real-time 3d model simulation view;Tank;1;;BMD-2
BMD-3_Face;BMD-3_01.jpg;BMD-3_Face openflight real-time 3d model simulation view;Tank;1;;BMD-3
BMD-3_Random;BMD-3_02.jpg;BMD-3_Random openflight real-time 3d model simulation view;Tank;1;;BMD-3
BMD-3_Side;BMD-3_03.jpg;BMD-3_Side openflight real-time 3d model simulation view;Tank;1;;BMD-3
BMP-2_Face;BMP-2_01.jpg;BMP-2_Face openflight real-time 3d model simulation view;Tank;1;;BMP-2
BMP-2_Random;BMP-2_02.jpg;BMP-2_Random openflight real-time 3d model simulation view;Tank;1;;BMP-2
BMP-2_Side;BMP-2_03.jpg;BMP-2_Side openflight real-time 3d model simulation view;Tank;1;;BMP-2
BV206_Face;BV206_01.jpg;BV206_Face openflight real-time 3d model simulation view;Tank;1;;BV206
BV206_Random;BV206_02.jpg;BV206_Random openflight real-time 3d model simulation view;Tank;1;;BV206
BV206_Side;BV206_03.jpg;BV206_Side openflight real-time 3d model simulation view;Tank;1;;BV206
C2V_Face;C2V_01.jpg;C2V_Face openflight real-time 3d model simulation view;Tank;1;;C2V
C2V_Random;C2V_02.jpg;C2V_Random openflight real-time 3d model simulation view;Tank;1;;C2V
C2V_Side;C2V_03.jpg;C2V_Side openflight real-time 3d model simulation view;Tank;1;;C2V
Challenger1_Face;Challenger1_01.jpg;Challenger1_Face openflight real-time 3d model simulation view;Tank;1;;Challenger_MBT
Challenger1_Random;Challenger1_02.jpg;Challenger1_Random openflight real-time 3d model simulation view;Tank;1;;Challenger_MBT
Challenger1_Side;Challenger1_03.jpg;Challenger1_Side openflight real-time 3d model simulation view;Tank;1;;Challenger_MBT
S-200_SA-5_GAMMON_Face;S-200_SA-5_GAMMON_01.jpg;S-200_SA-5_GAMMON_Face openflight real-time 3d model simulation view;Artillerie;1;;SA-5_Gammon_SAM_System
S-200_SA-5_GAMMON_Random;S-200_SA-5_GAMMON_02.jpg;S-200_SA-5_GAMMON_Random openflight real-time 3d model simulation view;Artillerie;1;;SA-5_Gammon_SAM_System
S-200_SA-5_GAMMON_Side;S-200_SA-5_GAMMON_03.jpg;S-200_SA-5_GAMMON_Side openflight real-time 3d model simulation view;Artillerie;1;;SA-5_Gammon_SAM_System
Sa-2_Face;Sa-2_01.jpg;Sa-2_Face openflight real-time 3d model simulation view;Artillerie;1;;SA-2_Missile_Launcher
Sa-2_Random;Sa-2_02.jpg;Sa-2_Random openflight real-time 3d model simulation view;Artillerie;1;;SA-2_Missile_Launcher
Sa-2_Side;Sa-2_03.jpg;Sa-2_Side openflight real-time 3d model simulation view;Artillerie;1;;SA-2_Missile_Launcher
Type_63_MRL_Face;Type_63_MRL_01.jpg;Type_63_MRL_Face openflight real-time 3d model simulation view;Artillerie;1;;Type_63_130mm_Multiple_Rocket_Launcher_MRLa
Type_63_MRL_Random;Type_63_MRL_02.jpg;Type_63_MRL_Random openflight real-time 3d model simulation view;Artillerie;1;;Type_63_130mm_Multiple_Rocket_Launcher_MRLa
Type_63_MRL_Side;Type_63_MRL_03.jpg;Type_63_MRL_Side openflight real-time 3d model simulation view;Artillerie;1;;Type_63_130mm_Multiple_Rocket_Launcher_MRLa
ZPU-4_Face;ZPU-4_01.jpg;ZPU-4_Face openflight real-time 3d model simulation view;Artillerie;1;;ZPU-4
ZPU-4_Random;ZPU-4_02.jpg;ZPU-4_Random openflight real-time 3d model simulation view;Artillerie;1;;ZPU-4
ZPU-4_Side;ZPU-4_03.jpg;ZPU-4_Side openflight real-time 3d model simulation view;Artillerie;1;;ZPU-4
ZU_23_2_Face;ZU_23_2_01.jpg;ZU_23_2_Face openflight real-time 3d model simulation view;Artillerie;1;;ZU-23_twin_23mm_AA_Gun
ZU_23_2_Random;ZU_23_2_02.jpg;ZU_23_2_Random openflight real-time 3d model simulation view;Artillerie;1;;ZU-23_twin_23mm_AA_Gun
ZU_23_2_Side;ZU_23_2_03.jpg;ZU_23_2_Side openflight real-time 3d model simulation view;Artillerie;1;;ZU-23_twin_23mm_AA_Gun
AH-1W_Face;AH-1W_01.jpg;AH-1W_Face openflight real-time 3d model simulation view;Helicopter;1;;Bell_Model_209_Hueycobra_Seacobra_Supercobra_AH-1W
AH-1W_Random;AH-1W_02.jpg;AH-1W_Random openflight real-time 3d model simulation view;Helicopter;1;;Bell_Model_209_Hueycobra_Seacobra_Supercobra_AH-1W
AH-1W_Side;AH-1W_03.jpg;AH-1W_Side openflight real-time 3d model simulation view;Helicopter;1;;Bell_Model_209_Hueycobra_Seacobra_Supercobra_AH-1W
AH-64A_Face;AH-64A_01.jpg;AH-64A_Face openflight real-time 3d model simulation view;Helicopter;1;;McDonnell-Douglas_AH-64_Apache
AH-64A_Random;AH-64A_02.jpg;AH-64A_Random openflight real-time 3d model simulation view;Helicopter;1;;McDonnell-Douglas_AH-64_Apache
AH-64A_Side;AH-64A_03.jpg;AH-64A_Side openflight real-time 3d model simulation view;Helicopter;1;;McDonnell-Douglas_AH-64_Apache
Command_and_Control_Vehicle_C2V_Face;Command_and_Control_Vehicle_C2V_01.jpg;Command_and_Control_Vehicle_C2V_Face openflight real-time 3d model simulation view;Tank;1;;FCS_Command_and_Control_Vehicle
Command_and_Control_Vehicle_C2V_Random;Command_and_Control_Vehicle_C2V_02.jpg;Command_and_Control_Vehicle_C2V_Random openflight real-time 3d model simulation view;Tank;1;;FCS_Command_and_Control_Vehicle
Command_and_Control_Vehicle_C2V_Side;Command_and_Control_Vehicle_C2V_03.jpg;Command_and_Control_Vehicle_C2V_Side openflight real-time 3d model simulation view;Tank;1;;FCS_Command_and_Control_Vehicle
FV101_SCORPION_Face;FV101_SCORPION_01.jpg;FV101_SCORPION_Face openflight real-time 3d model simulation view;Tank;1;;FV_101_Scorpion
FV101_SCORPION_Random;FV101_SCORPION_02.jpg;FV101_SCORPION_Random openflight real-time 3d model simulation view;Tank;1;;FV_101_Scorpion
FV101_SCORPION_Side;FV101_SCORPION_03.jpg;FV101_SCORPION_Side openflight real-time 3d model simulation view;Tank;1;;FV_101_Scorpion
FV103_Spartan_Face;FV103_Spartan_01.jpg;FV103_Spartan_Face openflight real-time 3d model simulation view;Tank;1;;FV_103_Spartan_APC
FV103_Spartan_Random;FV103_Spartan_02.jpg;FV103_Spartan_Random openflight real-time 3d model simulation view;Tank;1;;FV_103_Spartan_APC
FV103_Spartan_Side;FV103_Spartan_03.jpg;FV103_Spartan_Side openflight real-time 3d model simulation view;Tank;1;;FV_103_Spartan_APC
FV105_Face;FV105_01.jpg;FV105_Face openflight real-time 3d model simulation view;Tank;1;;FV_105_Sultan
FV105_Random;FV105_02.jpg;FV105_Random openflight real-time 3d model simulation view;Tank;1;;FV_105_Sultan
FV105_Side;FV105_03.jpg;FV105_Side openflight real-time 3d model simulation view;Tank;1;;FV_105_Sultan
Irobot_Packbot_Explorer_Face;Irobot_Packbot_Explorer_01.jpg;Irobot_Packbot_Explorer_Face openflight real-time 3d model simulation view;Tank;1;;Irobot_Packbot_Explorer
Irobot_Packbot_Explorer_Random;Irobot_Packbot_Explorer_02.jpg;Irobot_Packbot_Explorer_Random openflight real-time 3d model simulation view;Tank;1;;Irobot_Packbot_Explorer
Irobot_Packbot_Explorer_Side;Irobot_Packbot_Explorer_03.jpg;Irobot_Packbot_Explorer_Side openflight real-time 3d model simulation view;Tank;1;;Irobot_Packbot_Explorer
Leclerc_Face;Leclerc_01.jpg;Leclerc_Face openflight real-time 3d model simulation view;Tank;1;;Leclerc
Leclerc_Random;Leclerc_02.jpg;Leclerc_Random openflight real-time 3d model simulation view;Tank;1;;Leclerc
Leclerc_Side;Leclerc_03.jpg;Leclerc_Side openflight real-time 3d model simulation view;Tank;1;;Leclerc
Leopard_C2A1_MEXAS_Face;Leopard_C2A1_MEXAS_01.jpg;Leopard_C2A1_MEXAS_Face openflight real-time 3d model simulation view;Tank;1;;Leopard_C2A1_MEXAS
Leopard_C2A1_MEXAS_Random;Leopard_C2A1_MEXAS_02.jpg;Leopard_C2A1_MEXAS_Random openflight real-time 3d model simulation view;Tank;1;;Leopard_C2A1_MEXAS
Leopard_C2A1_MEXAS_Side;Leopard_C2A1_MEXAS_03.jpg;Leopard_C2A1_MEXAS_Side openflight real-time 3d model simulation view;Tank;1;;Leopard_C2A1_MEXAS
Multifunctional_Utility_Logistics_and_Equipment_MULE_Darpa_Face;Multifunctional_Utility_Logistics_and_Equipment_MULE_Darpa_01.jpg;Multifunctional_Utility_Logistics_and_Equipment_MULE_Darpa_Face openflight real-time 3d model simulation view;Tank;1;;FCS_MULE
Multifunctional_Utility_Logistics_and_Equipment_MULE_Darpa_Random;Multifunctional_Utility_Logistics_and_Equipment_MULE_Darpa_02.jpg;Multifunctional_Utility_Logistics_and_Equipment_MULE_Darpa_Random openflight real-time 3d model simulation view;Tank;1;;FCS_MULE
Multifunctional_Utility_Logistics_and_Equipment_MULE_Darpa_Side;Multifunctional_Utility_Logistics_and_Equipment_MULE_Darpa_03.jpg;Multifunctional_Utility_Logistics_and_Equipment_MULE_Darpa_Side openflight real-time 3d model simulation view;Tank;1;;FCS_MULE
M1A2_Face;M1A2_01.jpg;M1A2_Face openflight real-time 3d model simulation view;Tank;1;;M1A2
M1A2_Random;M1A2_02.jpg;M1A2_Random openflight real-time 3d model simulation view;Tank;1;;M1A2
M1A2_Side;M1A2_03.jpg;M1A2_Side openflight real-time 3d model simulation view;Tank;1;;M1A2
M60A3_Face;M60A3_01.jpg;M60A3_Face openflight real-time 3d model simulation view;Tank;1;;M60_Main_Battle_Tank_MBT
M60A3_Random;M60A3_02.jpg;M60A3_Random openflight real-time 3d model simulation view;Tank;1;;M60_Main_Battle_Tank_MBT
M60A3_Side;M60A3_03.jpg;M60A3_Side openflight real-time 3d model simulation view;Tank;1;;M60_Main_Battle_Tank_MBT
M113_Face;M113_01.jpg;M113_Face openflight real-time 3d model simulation view;Tank;1;;FMC_M113_Armored_Personnel_Carrier_APC
M113_Random;M113_02.jpg;M113_Random openflight real-time 3d model simulation view;Tank;1;;FMC_M113_Armored_Personnel_Carrier_APC
M113_Side;M113_03.jpg;M113_Side openflight real-time 3d model simulation view;Tank;1;;FMC_M113_Armored_Personnel_Carrier_APC
M901A3_Face;M901A3_01.jpg;M901A3_Face openflight real-time 3d model simulation view;Tank;1;;M901A1
M901A3_Random;M901A3_02.jpg;M901A3_Random openflight real-time 3d model simulation view;Tank;1;;M901A1
M901A3_Side;M901A3_03.jpg;M901A3_Side openflight real-time 3d model simulation view;Tank;1;;M901A1
Medical_Vehicle_MV_Face;Medical_Vehicle_MV_01.jpg;Medical_Vehicle_MV_Face openflight real-time 3d model simulation view;Tank;1;;FCS_Medical_Vehicle-Evacuation
Medical_Vehicle_MV_Random;Medical_Vehicle_MV_02.jpg;Medical_Vehicle_MV_Random openflight real-time 3d model simulation view;Tank;1;;FCS_Medical_Vehicle-Evacuation
Medical_Vehicle_MV_Side;Medical_Vehicle_MV_03.jpg;Medical_Vehicle_MV_Side openflight real-time 3d model simulation view;Tank;1;;FCS_Medical_Vehicle-Evacuation
MULE_Armed_Robotic_Vehicule_ARVA-L_Face;MULE_Armed_Robotic_Vehicule_ARVA-L_01.jpg;MULE_Armed_Robotic_Vehicule_ARVA-L_Face openflight real-time 3d model simulation view;Tank;1;;FCS_Armed_Robotic_vehicle-STA
MULE_Armed_Robotic_Vehicule_ARVA-L_Random;MULE_Armed_Robotic_Vehicule_ARVA-L_02.jpg;MULE_Armed_Robotic_Vehicule_ARVA-L_Random openflight real-time 3d model simulation view;Tank;1;;FCS_Armed_Robotic_vehicle-STA
MULE_Armed_Robotic_Vehicule_ARVA-L_Side;MULE_Armed_Robotic_Vehicule_ARVA-L_03.jpg;MULE_Armed_Robotic_Vehicule_ARVA-L_Side openflight real-time 3d model simulation view;Tank;1;;FCS_Armed_Robotic_vehicle-STA
MULE_Mine_Clearing_Face;MULE_Mine_Clearing_01.jpg;MULE_Mine_Clearing_Face openflight real-time 3d model simulation view;Tank;1;;FCS_MULE_Countermine
MULE_Mine_Clearing_Random;MULE_Mine_Clearing_02.jpg;MULE_Mine_Clearing_Random openflight real-time 3d model simulation view;Tank;1;;FCS_MULE_Countermine
MULE_Mine_Clearing_Side;MULE_Mine_Clearing_03.jpg;MULE_Mine_Clearing_Side openflight real-time 3d model simulation view;Tank;1;;FCS_MULE_Countermine
MULE_Transport_Face;MULE_Transport_01.jpg;MULE_Transport_Face openflight real-time 3d model simulation view;Tank;1;;FCS_MULE_Transport
MULE_Transport_Random;MULE_Transport_02.jpg;MULE_Transport_Random openflight real-time 3d model simulation view;Tank;1;;FCS_MULE_Transport
MULE_Transport_Side;MULE_Transport_03.jpg;MULE_Transport_Side openflight real-time 3d model simulation view;Tank;1;;FCS_MULE_Transport
Multifunctional_Utility_Logistics_and_Equipment_MULE_Darpa_Face;Multifunctional_Utility_Logistics_and_Equipment_MULE_Darpa_01.jpg;Multifunctional_Utility_Logistics_and_Equipment_MULE_Darpa_Face openflight real-time 3d model simulation view;Vehicle;1;;RSV_Recon_and_Surveillance_Vehicle
Multifunctional_Utility_Logistics_and_Equipment_MULE_Darpa_Random;Multifunctional_Utility_Logistics_and_Equipment_MULE_Darpa_02.jpg;Multifunctional_Utility_Logistics_and_Equipment_MULE_Darpa_Random openflight real-time 3d model simulation view;Vehicle;1;;RSV_Recon_and_Surveillance_Vehicle
Multifunctional_Utility_Logistics_and_Equipment_MULE_Darpa_Side;Multifunctional_Utility_Logistics_and_Equipment_MULE_Darpa_03.jpg;Multifunctional_Utility_Logistics_and_Equipment_MULE_Darpa_Side openflight real-time 3d model simulation view;Vehicle;1;;RSV_Recon_and_Surveillance_Vehicle
FRMV_Recovery_and_Maintenance_Vehicle_Face;FRMV_Recovery_and_Maintenance_Vehicle_01.jpg;FRMV_Recovery_and_Maintenance_Vehicle_Face openflight real-time 3d model simulation view;Vehicle;1;;FRMV_Recovery_and_Maintenance_Vehicle
FRMV_Recovery_and_Maintenance_Vehicle_Random;FRMV_Recovery_and_Maintenance_Vehicle_02.jpg;FRMV_Recovery_and_Maintenance_Vehicle_Random openflight real-time 3d model simulation view;Vehicle;1;;FRMV_Recovery_and_Maintenance_Vehicle
FRMV_Recovery_and_Maintenance_Vehicle_Side;FRMV_Recovery_and_Maintenance_Vehicle_03.jpg;FRMV_Recovery_and_Maintenance_Vehicle_Side openflight real-time 3d model simulation view;Vehicle;1;;FRMV_Recovery_and_Maintenance_Vehicle
RSV_Recon_and_Surveillance_Vehicle_Face;RSV_Recon_and_Surveillance_Vehicle_01.jpg;RSV_Recon_and_Surveillance_Vehicle_Face openflight real-time 3d model simulation view;Tank;1;;FCS_Recon_and_Survey_Vehicle
RSV_Recon_and_Surveillance_Vehicle_Random;RSV_Recon_and_Surveillance_Vehicle_02.jpg;RSV_Recon_and_Surveillance_Vehicle_Random openflight real-time 3d model simulation view;Tank;1;;FCS_Recon_and_Survey_Vehicle
RSV_Recon_and_Surveillance_Vehicle_Side;RSV_Recon_and_Surveillance_Vehicle_03.jpg;RSV_Recon_and_Surveillance_Vehicle_Side openflight real-time 3d model simulation view;Tank;1;;FCS_Recon_and_Survey_Vehicle
Robot_Talon_Face;Robot_Talon_01.jpg;Robot_Talon_Face openflight real-time 3d model simulation view;Tank;1;;FCS_Armed_Robotic_Vehicle-RSTA
Robot_Talon_Random;Robot_Talon_02.jpg;Robot_Talon_Random openflight real-time 3d model simulation view;Tank;1;;FCS_Armed_Robotic_Vehicle-RSTA
Robot_Talon_Side;Robot_Talon_03.jpg;Robot_Talon_Side openflight real-time 3d model simulation view;Tank;1;;FCS_Armed_Robotic_Vehicle-RSTA
Robot_Talon_GRENADE_Face;Robot_Talon_GRENADE_01.jpg;Robot_Talon_GRENADE_Face openflight real-time 3d model simulation view;Tank;1;;Robot_Talon_GRENADE
Robot_Talon_GRENADE_Random;Robot_Talon_GRENADE_02.jpg;Robot_Talon_GRENADE_Random openflight real-time 3d model simulation view;Tank;1;;Robot_Talon_GRENADE
Robot_Talon_GRENADE_Side;Robot_Talon_GRENADE_03.jpg;Robot_Talon_GRENADE_Side openflight real-time 3d model simulation view;Tank;1;;Robot_Talon_GRENADE
Robot_Talon_SWORD_Face;Robot_Talon_SWORD_01.jpg;Robot_Talon_SWORD_Face openflight real-time 3d model simulation view;Tank;1;;Robot_Talon_SWORD
Robot_Talon_SWORD_Random;Robot_Talon_SWORD_02.jpg;Robot_Talon_SWORD_Random openflight real-time 3d model simulation view;Tank;1;;Robot_Talon_SWORD
Robot_Talon_SWORD_Side;Robot_Talon_SWORD_03.jpg;Robot_Talon_SWORD_Side openflight real-time 3d model simulation view;Tank;1;;Robot_Talon_SWORD
Sa-4_Face;Sa-4_01.jpg;Sa-4_Face openflight real-time 3d model simulation view;Tank;1;;SA-4_Ganef_SAM_System
Sa-4_Random;Sa-4_02.jpg;Sa-4_Random openflight real-time 3d model simulation view;Tank;1;;SA-4_Ganef_SAM_System
Sa-4_Side;Sa-4_03.jpg;Sa-4_Side openflight real-time 3d model simulation view;Tank;1;;SA-4_Ganef_SAM_System
SA-6_Face;SA-6_01.jpg;SA-6_Face openflight real-time 3d model simulation view;Tank;1;;SA-6_Gainful_SAM_System
SA-6_Random;SA-6_02.jpg;SA-6_Random openflight real-time 3d model simulation view;Tank;1;;SA-6_Gainful_SAM_System
SA-6_Side;SA-6_03.jpg;SA-6_Side openflight real-time 3d model simulation view;Tank;1;;SA-6_Gainful_SAM_System
SA-19-Grison_Face;SA-19-Grison_01.jpg;SA-19-Grison_Face openflight real-time 3d model simulation view;Tank;1;;SA-19_Grison
SA-19-Grison_Random;SA-19-Grison_02.jpg;SA-19-Grison_Random openflight real-time 3d model simulation view;Tank;1;;SA-19_Grison
SA-19-Grison_Side;SA-19-Grison_03.jpg;SA-19-Grison_Side openflight real-time 3d model simulation view;Tank;1;;SA-19_Grison
Small_Unmanned_Ground_Vehicle_SUGV_Face;Small_Unmanned_Ground_Vehicle_SUGV_01.jpg;Small_Unmanned_Ground_Vehicle_SUGV_Face openflight real-time 3d model simulation view;Tank;1;;FCS_Small_Unattended_Ground_Vehicle
Small_Unmanned_Ground_Vehicle_SUGV_Random;Small_Unmanned_Ground_Vehicle_SUGV_02.jpg;Small_Unmanned_Ground_Vehicle_SUGV_Random openflight real-time 3d model simulation view;Tank;1;;FCS_Small_Unattended_Ground_Vehicle
Small_Unmanned_Ground_Vehicle_SUGV_Side;Small_Unmanned_Ground_Vehicle_SUGV_03.jpg;Small_Unmanned_Ground_Vehicle_SUGV_Side openflight real-time 3d model simulation view;Tank;1;;FCS_Small_Unattended_Ground_Vehicle
T80UM1_Face;T80UM1_01.jpg;T80UM1_Face openflight real-time 3d model simulation view;Tank;1;;T-80_MBT
T80UM1_Random;T80UM1_02.jpg;T80UM1_Random openflight real-time 3d model simulation view;Tank;1;;T-80_MBT
T80UM1_Side;T80UM1_03.jpg;T80UM1_Side openflight real-time 3d model simulation view;Tank;1;;T-80_MBT
T90_Face;T90_01.jpg;T90_Face openflight real-time 3d model simulation view;Tank;1;;T-90_MBT
T90_Random;T90_02.jpg;T90_Random openflight real-time 3d model simulation view;Tank;1;;T-90_MBT
T90_Side;T90_03.jpg;T90_Side openflight real-time 3d model simulation view;Tank;1;;T-90_MBT
Technical_019_DHSK_Face;Technical_019_DHSK_01.jpg;Technical_019_DHSK_Face openflight real-time 3d model simulation view;Tank;1;;Technical_019_DHSK
Technical_019_DHSK_Random;Technical_019_DHSK_02.jpg;Technical_019_DHSK_Random openflight real-time 3d model simulation view;Tank;1;;Technical_019_DHSK
Technical_019_DHSK_Side;Technical_019_DHSK_03.jpg;Technical_019_DHSK_Side openflight real-time 3d model simulation view;Tank;1;;Technical_019_DHSK
Type69_Face;Type69_01.jpg;Type69_Face openflight real-time 3d model simulation view;Tank;1;;Type_69
Type69_Random;Type69_02.jpg;Type69_Random openflight real-time 3d model simulation view;Tank;1;;Type_69
Type69_Side;Type69_03.jpg;Type69_Side openflight real-time 3d model simulation view;Tank;1;;Type_69
Wiesel_Oselot_Face;Wiesel_Oselot_01.jpg;Wiesel_Oselot_Face openflight real-time 3d model simulation view;Tank;1;;Wiesel_Oselot
Wiesel_Oselot_Random;Wiesel_Oselot_02.jpg;Wiesel_Oselot_Random openflight real-time 3d model simulation view;Tank;1;;Wiesel_Oselot
Wiesel_Oselot_Side;Wiesel_Oselot_03.jpg;Wiesel_Oselot_Side openflight real-time 3d model simulation view;Tank;1;;Wiesel_Oselot
ZSU23-4_Face;ZSU23-4_01.jpg;ZSU23-4_Face openflight real-time 3d model simulation view;Tank;1;;ZSU-23_4_Quad_23mm_AAA
ZSU23-4_Random;ZSU23-4_02.jpg;ZSU23-4_Random openflight real-time 3d model simulation view;Tank;1;;ZSU-23_4_Quad_23mm_AAA
ZSU23-4_Side;ZSU23-4_03.jpg;ZSU23-4_Side openflight real-time 3d model simulation view;Tank;1;;ZSU-23_4_Quad_23mm_AAA
120mm_HE_Face;120mm_HE_01.jpg;120mm_HE_Face openflight real-time 3d model simulation view;Weapon;1;;120_mm_HE_FRAG
120mm_HE_Random;120mm_HE_02.jpg;120mm_HE_Random openflight real-time 3d model simulation view;Weapon;1;;120_mm_HE_FRAG
120mm_HE_Side;120mm_HE_03.jpg;120mm_HE_Side openflight real-time 3d model simulation view;Weapon;1;;120_mm_HE_FRAG
B-10_Face;B-10_01.jpg;B-10_Face openflight real-time 3d model simulation view;Weapon;1;;B-10_82-mm_recoilless_gun
B-10_Random;B-10_02.jpg;B-10_Random openflight real-time 3d model simulation view;Weapon;1;;B-10_82-mm_recoilless_gun
B-10_Side;B-10_03.jpg;B-10_Side openflight real-time 3d model simulation view;Weapon;1;;B-10_82-mm_recoilless_gun
DSHK_Face;DSHK_01.jpg;DSHK_Face openflight real-time 3d model simulation view;Weapon;1;;DSHK
DSHK_Random;DSHK_02.jpg;DSHK_Random openflight real-time 3d model simulation view;Weapon;1;;DSHK
DSHK_Side;DSHK_03.jpg;DSHK_Side openflight real-time 3d model simulation view;Weapon;1;;DSHK
DSHK-MOUNTED_Face;DSHK-MOUNTED_01.jpg;DSHK-MOUNTED_Face openflight real-time 3d model simulation view;Weapon;1;;DSHK-MOUNTED
DSHK-MOUNTED_Random;DSHK-MOUNTED_02.jpg;DSHK-MOUNTED_Random openflight real-time 3d model simulation view;Weapon;1;;DSHK-MOUNTED
DSHK-MOUNTED_Side;DSHK-MOUNTED_03.jpg;DSHK-MOUNTED_Side openflight real-time 3d model simulation view;Weapon;1;;DSHK-MOUNTED
IED_Face;IED_01.jpg;IED_Face openflight real-time 3d model simulation view;Weapon;1;;IED
IED_Random;IED_02.jpg;IED_Random openflight real-time 3d model simulation view;Weapon;1;;IED
IED_Side;IED_03.jpg;IED_Side openflight real-time 3d model simulation view;Weapon;1;;IED
KPV-MOUNTED_Face;KPV-MOUNTED_01.jpg;KPV-MOUNTED_Face openflight real-time 3d model simulation view;Weapon;1;;KPV-MOUNTED
KPV-MOUNTED_Random;KPV-MOUNTED_02.jpg;KPV-MOUNTED_Random openflight real-time 3d model simulation view;Weapon;1;;KPV-MOUNTED
KPV-MOUNTED_Side;KPV-MOUNTED_03.jpg;KPV-MOUNTED_Side openflight real-time 3d model simulation view;Weapon;1;;KPV-MOUNTED
M2_STAND_Face;M2_STAND_01.jpg;M2_STAND_Face openflight real-time 3d model simulation view;Weapon;1;;M2_60-mm
M2_STAND_Random;M2_STAND_02.jpg;M2_STAND_Random openflight real-time 3d model simulation view;Weapon;1;;M2_60-mm
M2_STAND_Side;M2_STAND_03.jpg;M2_STAND_Side openflight real-time 3d model simulation view;Weapon;1;;M2_60-mm
M2-MOUNTED_Face;M2-MOUNTED_01.jpg;M2-MOUNTED_Face openflight real-time 3d model simulation view;Weapon;1;;M2-MOUNTED
M2-MOUNTED_Random;M2-MOUNTED_02.jpg;M2-MOUNTED_Random openflight real-time 3d model simulation view;Weapon;1;;M2-MOUNTED
M2-MOUNTED_Side;M2-MOUNTED_03.jpg;M2-MOUNTED_Side openflight real-time 3d model simulation view;Weapon;1;;M2-MOUNTED
dat;M40_STAND_01.jpg;M40_STAND_Face openflight real-time 3d model simulation view;Weapon;1;;106_mm_RCL40_M40
M40_STAND_Random;M40_STAND_02.jpg;M40_STAND_Random openflight real-time 3d model simulation view;Weapon;1;;106_mm_RCL40_M40
M40_STAND_Side;M40_STAND_03.jpg;M40_STAND_Side openflight real-time 3d model simulation view;Weapon;1;;106_mm_RCL40_M40
MAG_GPNG_7-62_Face;MAG_GPNG_7-62_01.jpg;MAG_GPNG_7-62_Face openflight real-time 3d model simulation view;Weapon;1;;Magnum
MAG_GPNG_7-62_Random;MAG_GPNG_7-62_02.jpg;MAG_GPNG_7-62_Random openflight real-time 3d model simulation view;Weapon;1;;Magnum
MAG_GPNG_7-62_Side;MAG_GPNG_7-62_03.jpg;MAG_GPNG_7-62_Side openflight real-time 3d model simulation view;Weapon;1;;Magnum
MK_19_Face;MK_19_01.jpg;MK_19_Face openflight real-time 3d model simulation view;Artillerie;1;;Mk_19_40-mm
MK_19_Random;MK_19_02.jpg;MK_19_Random openflight real-time 3d model simulation view;Artillerie;1;;Mk_19_40-mm
MK_19_Side;MK_19_03.jpg;MK_19_Side openflight real-time 3d model simulation view;Artillerie;1;;Mk_19_40-mm
Mortar_2B14_1_Face;Mortar_2B14_1_01.jpg;Mortar_2B14_1_Face openflight real-time 3d model simulation view;Weapon;1;;Mortar_2B14_1
Mortar_2B14_1_Random;Mortar_2B14_1_02.jpg;Mortar_2B14_1_Random openflight real-time 3d model simulation view;Weapon;1;;Mortar_2B14_1
Mortar_2B14_1_Side;Mortar_2B14_1_03.jpg;Mortar_2B14_1_Side openflight real-time 3d model simulation view;Weapon;1;;Mortar_2B14_1
Mortar_2S12_Face;Mortar_2S12_01.jpg;Mortar_2S12_Face openflight real-time 3d model simulation view;Weapon;1;;2S12_120-mm
Mortar_2S12_Random;Mortar_2S12_02.jpg;Mortar_2S12_Random openflight real-time 3d model simulation view;Weapon;1;;2S12_120-mm
Mortar_2S12_Side;Mortar_2S12_03.jpg;Mortar_2S12_Side openflight real-time 3d model simulation view;Weapon;1;;2S12_120-mm
TYPE63_ROCKET_Face;TYPE63_ROCKET_01.jpg;TYPE63_ROCKET_Face openflight real-time 3d model simulation view;Weapon;1;;Type_63_130mm_Multiple_Rocket_Launcher_MRL
TYPE63_ROCKET_Random;TYPE63_ROCKET_02.jpg;TYPE63_ROCKET_Random openflight real-time 3d model simulation view;Weapon;1;;Type_63_130mm_Multiple_Rocket_Launcher_MRL
TYPE63_ROCKET_Side;TYPE63_ROCKET_03.jpg;TYPE63_ROCKET_Side openflight real-time 3d model simulation view;Weapon;1;;Type_63_130mm_Multiple_Rocket_Launcher_MRL
m220_Face;m220_01.jpg;m220_Face openflight real-time 3d model simulation view;Tank;1;;m220
m220_Random;m220_02.jpg;m220_Random openflight real-time 3d model simulation view;Tank;1;;m220
m220_Side;m220_03.jpg;m220_Side openflight real-time 3d model simulation view;Tank;1;;m220
pac3_Face;pac3_01.jpg;pac3_Face openflight real-time 3d model simulation view;Tank;1;;pac3
pac3_Random;pac3_02.jpg;pac3_Random openflight real-time 3d model simulation view;Tank;1;;pac3
pac3_Side;pac3_03.jpg;pac3_Side openflight real-time 3d model simulation view;Tank;1;;pac3
airport_Face;airport_01.jpg;airport_Face openflight real-time 3d model simulation view;Vehicle;1;;airport
airport_Random;airport_02.jpg;airport_Random openflight real-time 3d model simulation view;Vehicle;1;;airport
airport_Side;airport_03.jpg;airport_Side openflight real-time 3d model simulation view;Vehicle;1;;airport
Alpha_Face;Alpha_01.jpg;Alpha_Face openflight real-time 3d model simulation view;Vehicle;1;;Alpha
Alpha_Random;Alpha_02.jpg;Alpha_Random openflight real-time 3d model simulation view;Vehicle;1;;Alpha
Alpha_Side;Alpha_03.jpg;Alpha_Side openflight real-time 3d model simulation view;Vehicle;1;;Alpha
Bearcat_Face;Bearcat_01.jpg;Bearcat_Face openflight real-time 3d model simulation view;Vehicle;1;;Bearcat
Bearcat_Random;Bearcat_02.jpg;Bearcat_Random openflight real-time 3d model simulation view;Vehicle;1;;Bearcat
Bearcat_Side;Bearcat_03.jpg;Bearcat_Side openflight real-time 3d model simulation view;Vehicle;1;;Bearcat
BRDM-2_Face;BRDM-2_01.jpg;BRDM-2_Face openflight real-time 3d model simulation view;Vehicle;1;;BRDM-2_Reconnaissance_vehicle
BRDM-2_Random;BRDM-2_02.jpg;BRDM-2_Random openflight real-time 3d model simulation view;Vehicle;1;;BRDM-2_Reconnaissance_vehicle
BRDM-2_Side;BRDM-2_03.jpg;BRDM-2_Side openflight real-time 3d model simulation view;Vehicle;1;;BRDM-2_Reconnaissance_vehicle
BTR-80_Face;BTR-80_01.jpg;BTR-80_Face openflight real-time 3d model simulation view;Vehicle;1;;BTR-80
BTR-80_Random;BTR-80_02.jpg;BTR-80_Random openflight real-time 3d model simulation view;Vehicle;1;;BTR-80
BTR-80_Side;BTR-80_03.jpg;BTR-80_Side openflight real-time 3d model simulation view;Vehicle;1;;BTR-80
BTR_152_Face;BTR_152_01.jpg;BTR_152_Face openflight real-time 3d model simulation view;Vehicle;1;;BTR-152
BTR_152_Random;BTR_152_02.jpg;BTR_152_Random openflight real-time 3d model simulation view;Vehicle;1;;BTR-152
BTR_152_Side;BTR_152_03.jpg;BTR_152_Side openflight real-time 3d model simulation view;Vehicle;1;;BTR-152
Buffalo_Face;Buffalo_01.jpg;Buffalo_Face openflight real-time 3d model simulation view;Vehicle;1;;Buffalo
Buffalo_Random;Buffalo_02.jpg;Buffalo_Random openflight real-time 3d model simulation view;Vehicle;1;;Buffalo
Buffalo_Side;Buffalo_03.jpg;Buffalo_Side openflight real-time 3d model simulation view;Vehicle;1;;Buffalo
BULL_Face;BULL_01.jpg;BULL_Face openflight real-time 3d model simulation view;Vehicle;1;;BULL
BULL_Random;BULL_02.jpg;BULL_Random openflight real-time 3d model simulation view;Vehicle;1;;BULL
BULL_Side;BULL_03.jpg;BULL_Side openflight real-time 3d model simulation view;Vehicle;1;;BULL
Caesar_Face;Caesar_01.jpg;Caesar_Face openflight real-time 3d model simulation view;Vehicle;1;;Caesar
Caesar_Random;Caesar_02.jpg;Caesar_Random openflight real-time 3d model simulation view;Vehicle;1;;Caesar
Caesar_Side;Caesar_03.jpg;Caesar_Side openflight real-time 3d model simulation view;Vehicle;1;;Caesar
Caiman_Face;Caiman_01.jpg;Caiman_Face openflight real-time 3d model simulation view;Vehicle;1;;Caiman
Caiman_Random;Caiman_02.jpg;Caiman_Random openflight real-time 3d model simulation view;Vehicle;1;;Caiman
Caiman_Side;Caiman_03.jpg;Caiman_Side openflight real-time 3d model simulation view;Vehicle;1;;Caiman
Centauro_Face;Centauro_01.jpg;Centauro_Face openflight real-time 3d model simulation view;Vehicle;1;;Centauro_B-1
Centauro_Random;Centauro_02.jpg;Centauro_Random openflight real-time 3d model simulation view;Vehicle;1;;Centauro_B-1
Centauro_Side;Centauro_03.jpg;Centauro_Side openflight real-time 3d model simulation view;Vehicle;1;;Centauro_B-1
Cheetah_Face;Cheetah_01.jpg;Cheetah_Face openflight real-time 3d model simulation view;Vehicle;1;;Cheetah
Cheetah_Random;Cheetah_02.jpg;Cheetah_Random openflight real-time 3d model simulation view;Vehicle;1;;Cheetah
Cheetah_Side;Cheetah_03.jpg;Cheetah_Side openflight real-time 3d model simulation view;Vehicle;1;;Cheetah
CHEVY_AFGHAN_Face;CHEVY_AFGHAN_01.jpg;CHEVY_AFGHAN_Face openflight real-time 3d model simulation view;Vehicle;1;;CHEVY_AFGHAN
CHEVY_AFGHAN_Random;CHEVY_AFGHAN_02.jpg;CHEVY_AFGHAN_Random openflight real-time 3d model simulation view;Vehicle;1;;CHEVY_AFGHAN
CHEVY_AFGHAN_Side;CHEVY_AFGHAN_03.jpg;CHEVY_AFGHAN_Side openflight real-time 3d model simulation view;Vehicle;1;;CHEVY_AFGHAN
Cougar_6X6_Face;Cougar_6X6_01.jpg;Cougar_6X6_Face openflight real-time 3d model simulation view;Vehicle;1;;Cougar_Type
Cougar_6X6_Random;Cougar_6X6_02.jpg;Cougar_6X6_Random openflight real-time 3d model simulation view;Vehicle;1;;Cougar_Type
Cougar_6X6_Side;Cougar_6X6_03.jpg;Cougar_6X6_Side openflight real-time 3d model simulation view;Vehicle;1;;Cougar_Type
Cougar_H_Series_4X4_Face;Cougar_H_Series_4X4_01.jpg;Cougar_H_Series_4X4_Face openflight real-time 3d model simulation view;Vehicle;1;;Cougar_H_Series_4X4
Cougar_H_Series_4X4_Random;Cougar_H_Series_4X4_02.jpg;Cougar_H_Series_4X4_Random openflight real-time 3d model simulation view;Vehicle;1;;Cougar_H_Series_4X4
Cougar_H_Series_4X4_Side;Cougar_H_Series_4X4_03.jpg;Cougar_H_Series_4X4_Side openflight real-time 3d model simulation view;Vehicle;1;;Cougar_H_Series_4X4
Dana_Howitzer-77_Face;Dana_Howitzer-77_01.jpg;Dana_Howitzer-77_Face openflight real-time 3d model simulation view;Vehicle;1;;Dana_Howitzer-77
Dana_Howitzer-77_Random;Dana_Howitzer-77_02.jpg;Dana_Howitzer-77_Random openflight real-time 3d model simulation view;Vehicle;1;;Dana_Howitzer-77
Dana_Howitzer-77_Side;Dana_Howitzer-77_03.jpg;Dana_Howitzer-77_Side openflight real-time 3d model simulation view;Vehicle;1;;Dana_Howitzer-77
Dingo_Face;Dingo_01.jpg;Dingo_Face openflight real-time 3d model simulation view;Vehicle;1;;Dingo
Dingo_Random;Dingo_02.jpg;Dingo_Random openflight real-time 3d model simulation view;Vehicle;1;;Dingo
Dingo_Side;Dingo_03.jpg;Dingo_Side openflight real-time 3d model simulation view;Vehicle;1;;Dingo
FCS_MULE_Face;FCS_MULE_01.jpg;FCS_MULE_Face openflight real-time 3d model simulation view;Tank;1;;FCSa_MULE
FCS_MULE_Random;FCS_MULE_02.jpg;FCS_MULE_Random openflight real-time 3d model simulation view;Tank;1;;FCSa_MULE
FCS_MULE_Side;FCS_MULE_03.jpg;FCS_MULE_Side openflight real-time 3d model simulation view;Tank;1;;FCSa_MULE
fennek_Face;fennek_01.jpg;fennek_Face openflight real-time 3d model simulation view;Vehicle;1;;fennek
fennek_Random;fennek_02.jpg;fennek_Random openflight real-time 3d model simulation view;Vehicle;1;;fennek
fennek_Side;fennek_03.jpg;fennek_Side openflight real-time 3d model simulation view;Vehicle;1;;fennek
Ford_Face;Ford_01.jpg;Ford_Face openflight real-time 3d model simulation view;Vehicle;1;;Ford
Ford_Random;Ford_02.jpg;Ford_Random openflight real-time 3d model simulation view;Vehicle;1;;Ford
Ford_Side;Ford_03.jpg;Ford_Side openflight real-time 3d model simulation view;Vehicle;1;;Ford
FORD350_2_Utility_Face;FORD350_2_Utility_01.jpg;FORD350_2_Utility_Face openflight real-time 3d model simulation view;Vehicle;1;;FORD350_2_Utility
FORD350_2_Utility_Random;FORD350_2_Utility_02.jpg;FORD350_2_Utility_Random openflight real-time 3d model simulation view;Vehicle;1;;FORD350_2_Utility
FORD350_2_Utility_Side;FORD350_2_Utility_03.jpg;FORD350_2_Utility_Side openflight real-time 3d model simulation view;Vehicle;1;;FORD350_2_Utility
G6_HOWITZER_Face;G6_HOWITZER_01.jpg;G6_HOWITZER_Face openflight real-time 3d model simulation view;Vehicle;1;;G6_HOWITZER
G6_HOWITZER_Random;G6_HOWITZER_02.jpg;G6_HOWITZER_Random openflight real-time 3d model simulation view;Vehicle;1;;G6_HOWITZER
G6_HOWITZER_Side;G6_HOWITZER_03.jpg;G6_HOWITZER_Side openflight real-time 3d model simulation view;Vehicle;1;;G6_HOWITZER
Gaz-66_Face;Gaz-66_01.jpg;Gaz-66_Face openflight real-time 3d model simulation view;Vehicle;1;;GAZ-66_4x4_2000-kg_truck
Gaz-66_Random;Gaz-66_02.jpg;Gaz-66_Random openflight real-time 3d model simulation view;Vehicle;1;;GAZ-66_4x4_2000-kg_truck
Gaz-66_Side;Gaz-66_03.jpg;Gaz-66_Side openflight real-time 3d model simulation view;Vehicle;1;;GAZ-66_4x4_2000-kg_truck
GCD_Face;GCD_01.jpg;GCD_Face openflight real-time 3d model simulation view;Vehicle;1;;GCD
GCD_Random;GCD_02.jpg;GCD_Random openflight real-time 3d model simulation view;Vehicle;1;;GCD
GCD_Side;GCD_03.jpg;GCD_Side openflight real-time 3d model simulation view;Vehicle;1;;GCD
GMC_Sierra_Utility_Face;GMC_Sierra_Utility_01.jpg;GMC_Sierra_Utility_Face openflight real-time 3d model simulation view;Vehicle;1;;GMC_Sierra_Utility
GMC_Sierra_Utility_Random;GMC_Sierra_Utility_02.jpg;GMC_Sierra_Utility_Random openflight real-time 3d model simulation view;Vehicle;1;;GMC_Sierra_Utility
GMC_Sierra_Utility_Side;GMC_Sierra_Utility_03.jpg;GMC_Sierra_Utility_Side openflight real-time 3d model simulation view;Vehicle;1;;GMC_Sierra_Utility
HMMWV_Face;HMMWV_01.jpg;HMMWV_Face openflight real-time 3d model simulation view;Vehicle;1;;LTV_HMMWV_M998-series_multipurpose_wheeled_vehicles
HMMWV_Random;HMMWV_02.jpg;HMMWV_Random openflight real-time 3d model simulation view;Vehicle;1;;LTV_HMMWV_M998-series_multipurpose_wheeled_vehicles
HMMWV_Side;HMMWV_03.jpg;HMMWV_Side openflight real-time 3d model simulation view;Vehicle;1;;LTV_HMMWV_M998-series_multipurpose_wheeled_vehicles
Husky_Face;Husky_01.jpg;Husky_Face openflight real-time 3d model simulation view;Vehicle;1;;Husky
Husky_Random;Husky_02.jpg;Husky_Random openflight real-time 3d model simulation view;Vehicle;1;;Husky
Husky_Side;Husky_03.jpg;Husky_Side openflight real-time 3d model simulation view;Vehicle;1;;Husky
International_MaxxPro_MPV_Face;International_MaxxPro_MPV_01.jpg;International_MaxxPro_MPV_Face openflight real-time 3d model simulation view;Vehicle;1;;International_MaxxPro_MPV
International_MaxxPro_MPV_Random;International_MaxxPro_MPV_02.jpg;International_MaxxPro_MPV_Random openflight real-time 3d model simulation view;Vehicle;1;;International_MaxxPro_MPV
International_MaxxPro_MPV_Side;International_MaxxPro_MPV_03.jpg;International_MaxxPro_MPV_Side openflight real-time 3d model simulation view;Vehicle;1;;International_MaxxPro_MPV
IVMMD_F-MDT_Face;IVMMD_F-MDT_01.jpg;IVMMD_F-MDT_Face openflight real-time 3d model simulation view;Vehicle;1;;IVMMD_F-MDT
IVMMD_F-MDT_Random;IVMMD_F-MDT_02.jpg;IVMMD_F-MDT_Random openflight real-time 3d model simulation view;Vehicle;1;;IVMMD_F-MDT
IVMMD_F-MDT_Side;IVMMD_F-MDT_03.jpg;IVMMD_F-MDT_Side openflight real-time 3d model simulation view;Vehicle;1;;IVMMD_F-MDT
IVMMD_S-MDT_Face;IVMMD_S-MDT_01.jpg;IVMMD_S-MDT_Face openflight real-time 3d model simulation view;Vehicle;1;;IVMMD_S-MDT
IVMMD_S-MDT_Random;IVMMD_S-MDT_02.jpg;IVMMD_S-MDT_Random openflight real-time 3d model simulation view;Vehicle;1;;IVMMD_S-MDT
IVMMD_S-MDT_Side;IVMMD_S-MDT_03.jpg;IVMMD_S-MDT_Side openflight real-time 3d model simulation view;Vehicle;1;;IVMMD_S-MDT
IVMMD_T-MDT_Face;IVMMD_T-MDT_01.jpg;IVMMD_T-MDT_Face openflight real-time 3d model simulation view;Vehicle;1;;IVMMD_T-MDT
IVMMD_T-MDT_Random;IVMMD_T-MDT_02.jpg;IVMMD_T-MDT_Random openflight real-time 3d model simulation view;Vehicle;1;;IVMMD_T-MDT
IVMMD_T-MDT_Side;IVMMD_T-MDT_03.jpg;IVMMD_T-MDT_Side openflight real-time 3d model simulation view;Vehicle;1;;IVMMD_T-MDT
KRAZ_255_Face;KRAZ_255_01.jpg;KRAZ_255_Face openflight real-time 3d model simulation view;Vehicle;1;;KrAZ-255B_6x6_7500-kg_truck
KRAZ_255_Random;KRAZ_255_02.jpg;KRAZ_255_Random openflight real-time 3d model simulation view;Vehicle;1;;KrAZ-255B_6x6_7500-kg_truck
KRAZ_255_Side;KRAZ_255_03.jpg;KRAZ_255_Side openflight real-time 3d model simulation view;Vehicle;1;;KrAZ-255B_6x6_7500-kg_truck
Luggage_Cart-001_Face;Luggage_Cart-001_01.jpg;Luggage_Cart-001_Face openflight real-time 3d model simulation view;Vehicle;1;;Luggage_Cart-001
Luggage_Cart-001_Random;Luggage_Cart-001_02.jpg;Luggage_Cart-001_Random openflight real-time 3d model simulation view;Vehicle;1;;Luggage_Cart-001
Luggage_Cart-001_Side;Luggage_Cart-001_03.jpg;Luggage_Cart-001_Side openflight real-time 3d model simulation view;Vehicle;1;;Luggage_Cart-001
M1046_Face;M1046_01.jpg;M1046_Face openflight real-time 3d model simulation view;Vehicle;1;;M1046_TOW_missile_carrier_supplemental_armor_with_winch
M1046_Random;M1046_02.jpg;M1046_Random openflight real-time 3d model simulation view;Vehicle;1;;M1046_TOW_missile_carrier_supplemental_armor_with_winch
M1046_Side;M1046_03.jpg;M1046_Side openflight real-time 3d model simulation view;Vehicle;1;;M1046_TOW_missile_carrier_supplemental_armor_with_winch
M1097_Face;M1097_01.jpg;M1097_Face openflight real-time 3d model simulation view;Vehicle;1;;M1097
M1097_Random;M1097_02.jpg;M1097_Random openflight real-time 3d model simulation view;Vehicle;1;;M1097
M1097_Side;M1097_03.jpg;M1097_Side openflight real-time 3d model simulation view;Vehicle;1;;M1097
M1117_Face;M1117_01.jpg;M1117_Face openflight real-time 3d model simulation view;Vehicle;1;;M1117_Armored_Security_Vehicle
M1117_Random;M1117_02.jpg;M1117_Random openflight real-time 3d model simulation view;Vehicle;1;;M1117_Armored_Security_Vehicle
M1117_Side;M1117_03.jpg;M1117_Side openflight real-time 3d model simulation view;Vehicle;1;;M1117_Armored_Security_Vehicle
M1126_M2_Face;M1126_M2_01.jpg;M1126_M2_Face openflight real-time 3d model simulation view;Vehicle;1;;M1126_M2
M1126_M2_Random;M1126_M2_02.jpg;M1126_M2_Random openflight real-time 3d model simulation view;Vehicle;1;;M1126_M2
M1126_M2_Side;M1126_M2_03.jpg;M1126_M2_Side openflight real-time 3d model simulation view;Vehicle;1;;M1126_M2
M1127_Face;M1127_01.jpg;M1127_Face openflight real-time 3d model simulation view;Vehicle;1;;M1127
M1127_Random;M1127_02.jpg;M1127_Random openflight real-time 3d model simulation view;Vehicle;1;;M1127
M1127_Side;M1127_03.jpg;M1127_Side openflight real-time 3d model simulation view;Vehicle;1;;M1127
M1128_Face;M1128_01.jpg;M1128_Face openflight real-time 3d model simulation view;Vehicle;1;;m1128
M1128_Random;M1128_02.jpg;M1128_Random openflight real-time 3d model simulation view;Vehicle;1;;m1128
M1128_Side;M1128_03.jpg;M1128_Side openflight real-time 3d model simulation view;Vehicle;1;;m1128
M1130_Face;M1130_01.jpg;M1130_Face openflight real-time 3d model simulation view;Vehicle;1;;M1130
M1130_Random;M1130_02.jpg;M1130_Random openflight real-time 3d model simulation view;Vehicle;1;;M1130
M1130_Side;M1130_03.jpg;M1130_Side openflight real-time 3d model simulation view;Vehicle;1;;M1130
M1131_Face;M1131_01.jpg;M1131_Face openflight real-time 3d model simulation view;Vehicle;1;;M1131
M1131_Random;M1131_02.jpg;M1131_Random openflight real-time 3d model simulation view;Vehicle;1;;M1131
M1131_Side;M1131_03.jpg;M1131_Side openflight real-time 3d model simulation view;Vehicle;1;;M1131
M1133_Face;M1133_01.jpg;M1133_Face openflight real-time 3d model simulation view;Vehicle;1;;M1133
M1133_Random;M1133_02.jpg;M1133_Random openflight real-time 3d model simulation view;Vehicle;1;;M1133
M1133_Side;M1133_03.jpg;M1133_Side openflight real-time 3d model simulation view;Vehicle;1;;M1133
M1135_Face;M1135_01.jpg;M1135_Face openflight real-time 3d model simulation view;Vehicle;1;;M1135
M1135_Random;M1135_02.jpg;M1135_Random openflight real-time 3d model simulation view;Vehicle;1;;M1135
M1135_Side;M1135_03.jpg;M1135_Side openflight real-time 3d model simulation view;Vehicle;1;;M1135
M_1089_Face;M_1089_01.jpg;M_1089_Face openflight real-time 3d model simulation view;Vehicle;1;;M1089_Truck_Wrecker_MTV_Equip_Winch
M_1089_Random;M_1089_02.jpg;M_1089_Random openflight real-time 3d model simulation view;Vehicle;1;;M1089_Truck_Wrecker_MTV_Equip_Winch
M_1089_Side;M_1089_03.jpg;M_1089_Side openflight real-time 3d model simulation view;Vehicle;1;;M1089_Truck_Wrecker_MTV_Equip_Winch
Meerkat_Face;Meerkat_01.jpg;Meerkat_Face openflight real-time 3d model simulation view;Vehicle;1;;Meerkat
Meerkat_Random;Meerkat_02.jpg;Meerkat_Random openflight real-time 3d model simulation view;Vehicle;1;;Meerkat
Meerkat_Side;Meerkat_03.jpg;Meerkat_Side openflight real-time 3d model simulation view;Vehicle;1;;Meerkat
Military_Bus_Face;Military_Bus_01.jpg;Military_Bus_Face openflight real-time 3d model simulation view;Vehicle;1;;Bus
Military_Bus_Random;Military_Bus_02.jpg;Military_Bus_Random openflight real-time 3d model simulation view;Vehicle;1;;Bus
Military_Bus_Side;Military_Bus_03.jpg;Military_Bus_Side openflight real-time 3d model simulation view;Vehicle;1;;Bus
Oshkosh_Bushmaster_Face;Oshkosh_Bushmaster_01.jpg;Oshkosh_Bushmaster_Face openflight real-time 3d model simulation view;Vehicle;1;;Oshkosh_MK48-series_articulated_8x8_vehicle
Oshkosh_Bushmaster_Random;Oshkosh_Bushmaster_02.jpg;Oshkosh_Bushmaster_Random openflight real-time 3d model simulation view;Vehicle;1;;Oshkosh_MK48-series_articulated_8x8_vehicle
Oshkosh_Bushmaster_Side;Oshkosh_Bushmaster_03.jpg;Oshkosh_Bushmaster_Side openflight real-time 3d model simulation view;Vehicle;1;;Oshkosh_MK48-series_articulated_8x8_vehicle
Pandur_II_6X6_KD-V30_Face;Pandur_II_6X6_KD-V30_01.jpg;Pandur_II_6X6_KD-V30_Face openflight real-time 3d model simulation view;Vehicle;1;;Pandur_II_6X6_KD-V30
Pandur_II_6X6_KD-V30_Random;Pandur_II_6X6_KD-V30_02.jpg;Pandur_II_6X6_KD-V30_Random openflight real-time 3d model simulation view;Vehicle;1;;Pandur_II_6X6_KD-V30
Pandur_II_6X6_KD-V30_Side;Pandur_II_6X6_KD-V30_03.jpg;Pandur_II_6X6_KD-V30_Side openflight real-time 3d model simulation view;Vehicle;1;;Pandur_II_6X6_KD-V30
Pantsyr_S1_Air_Defense_Face;Pantsyr_S1_Air_Defense_01.jpg;Pantsyr_S1_Air_Defense_Face openflight real-time 3d model simulation view;Vehicle;1;;Pantsyr_S1_Air_Defense
Pantsyr_S1_Air_Defense_Random;Pantsyr_S1_Air_Defense_02.jpg;Pantsyr_S1_Air_Defense_Random openflight real-time 3d model simulation view;Vehicle;1;;Pantsyr_S1_Air_Defense
Pantsyr_S1_Air_Defense_Side;Pantsyr_S1_Air_Defense_03.jpg;Pantsyr_S1_Air_Defense_Side openflight real-time 3d model simulation view;Vehicle;1;;Pantsyr_S1_Air_Defense
patria_Face;patria_01.jpg;patria_Face openflight real-time 3d model simulation view;Vehicle;1;;patria
patria_Random;patria_02.jpg;patria_Random openflight real-time 3d model simulation view;Vehicle;1;;patria
patria_Side;patria_03.jpg;patria_Side openflight real-time 3d model simulation view;Vehicle;1;;patria
RAFAEL_Golan_Face;RAFAEL_Golan_01.jpg;RAFAEL_Golan_Face openflight real-time 3d model simulation view;Vehicle;1;;RAFAEL_Golan
RAFAEL_Golan_Random;RAFAEL_Golan_02.jpg;RAFAEL_Golan_Random openflight real-time 3d model simulation view;Vehicle;1;;RAFAEL_Golan
RAFAEL_Golan_Side;RAFAEL_Golan_03.jpg;RAFAEL_Golan_Side openflight real-time 3d model simulation view;Vehicle;1;;RAFAEL_Golan
RG-31_Face;RG-31_01.jpg;RG-31_Face openflight real-time 3d model simulation view;Vehicle;1;;RG-31
RG-31_Random;RG-31_02.jpg;RG-31_Random openflight real-time 3d model simulation view;Vehicle;1;;RG-31
RG-31_Side;RG-31_03.jpg;RG-31_Side openflight real-time 3d model simulation view;Vehicle;1;;RG-31
RG-33_Face;RG-33_01.jpg;RG-33_Face openflight real-time 3d model simulation view;Vehicle;1;;RG-33
RG-33_Random;RG-33_02.jpg;RG-33_Random openflight real-time 3d model simulation view;Vehicle;1;;RG-33
RG-33_Side;RG-33_03.jpg;RG-33_Side openflight real-time 3d model simulation view;Vehicle;1;;RG-33
Stryker (M1126)_Face;Stryker (M1126)_01.jpg;Stryker (M1126)_Face openflight real-time 3d model simulation view;Vehicle;1;;Stryker_Reconnaissance_Vehicle_MK_240_7-62_mm_machine
Stryker (M1126)_Random;Stryker (M1126)_02.jpg;Stryker (M1126)_Random openflight real-time 3d model simulation view;Vehicle;1;;Stryker_Reconnaissance_Vehicle_MK_240_7-62_mm_machine
Stryker (M1126)_Side;Stryker (M1126)_03.jpg;Stryker (M1126)_Side openflight real-time 3d model simulation view;Vehicle;1;;Stryker_Reconnaissance_Vehicle_MK_240_7-62_mm_machine
SuperWedge_Launcher_Face;SuperWedge_Launcher_01.jpg;SuperWedge_Launcher_Face openflight real-time 3d model simulation view;Vehicle;1;;gun_ZPU-4
SuperWedge_Launcher_Random;SuperWedge_Launcher_02.jpg;SuperWedge_Launcher_Random openflight real-time 3d model simulation view;Vehicle;1;;gun_ZPU-4
SuperWedge_Launcher_Side;SuperWedge_Launcher_03.jpg;SuperWedge_Launcher_Side openflight real-time 3d model simulation view;Vehicle;1;;gun_ZPU-4
Technical-001_ZPU-4_Face;Technical-001_ZPU-4_01.jpg;Technical-001_ZPU-4_Face openflight real-time 3d model simulation view;Vehicle;1;;Technical-001_ZPU-4
Technical-001_ZPU-4_Random;Technical-001_ZPU-4_02.jpg;Technical-001_ZPU-4_Random openflight real-time 3d model simulation view;Vehicle;1;;Technical-001_ZPU-4
Technical-001_ZPU-4_Side;Technical-001_ZPU-4_03.jpg;Technical-001_ZPU-4_Side openflight real-time 3d model simulation view;Vehicle;1;;Technical-001_ZPU-4
Technical-002_Kornet_Face;Technical-002_Kornet_01.jpg;Technical-002_Kornet_Face openflight real-time 3d model simulation view;Vehicle;1;;Technical-002_Kornet
Technical-002_Kornet_Random;Technical-002_Kornet_02.jpg;Technical-002_Kornet_Random openflight real-time 3d model simulation view;Vehicle;1;;Technical-002_Kornet
Technical-002_Kornet_Side;Technical-002_Kornet_03.jpg;Technical-002_Kornet_Side openflight real-time 3d model simulation view;Vehicle;1;;Technical-002_Kornet
Technical-004_M40_Face;Technical-004_M40_01.jpg;Technical-004_M40_Face openflight real-time 3d model simulation view;Vehicle;1;;Technical-004_M40
Technical-004_M40_Random;Technical-004_M40_02.jpg;Technical-004_M40_Random openflight real-time 3d model simulation view;Vehicle;1;;Technical-004_M40
Technical-004_M40_Side;Technical-004_M40_03.jpg;Technical-004_M40_Side openflight real-time 3d model simulation view;Vehicle;1;;Technical-004_M40
Technical-005_DHSK_Face;Technical-005_DHSK_01.jpg;Technical-005_DHSK_Face openflight real-time 3d model simulation view;Vehicle;1;;Technical-005_DHSK
Technical-005_DHSK_Random;Technical-005_DHSK_02.jpg;Technical-005_DHSK_Random openflight real-time 3d model simulation view;Vehicle;1;;Technical-005_DHSK
Technical-005_DHSK_Side;Technical-005_DHSK_03.jpg;Technical-005_DHSK_Side openflight real-time 3d model simulation view;Vehicle;1;;Technical-005_DHSK
Technical-006_ZPU-2_Face;Technical-006_ZPU-2_01.jpg;Technical-006_ZPU-2_Face openflight real-time 3d model simulation view;Vehicle;1;;Technical-006_ZPU-2
Technical-006_ZPU-2_Random;Technical-006_ZPU-2_02.jpg;Technical-006_ZPU-2_Random openflight real-time 3d model simulation view;Vehicle;1;;Technical-006_ZPU-2
Technical-006_ZPU-2_Side;Technical-006_ZPU-2_03.jpg;Technical-006_ZPU-2_Side openflight real-time 3d model simulation view;Vehicle;1;;Technical-006_ZPU-2
Technical-007_B-10_Face;Technical-007_B-10_01.jpg;Technical-007_B-10_Face openflight real-time 3d model simulation view;Vehicle;1;;Technical-007_B-10
Technical-007_B-10_Random;Technical-007_B-10_02.jpg;Technical-007_B-10_Random openflight real-time 3d model simulation view;Vehicle;1;;Technical-007_B-10
Technical-007_B-10_Side;Technical-007_B-10_03.jpg;Technical-007_B-10_Side openflight real-time 3d model simulation view;Vehicle;1;;Technical-007_B-10
Technical-009_ZU-23-2_Face;Technical-009_ZU-23-2_01.jpg;Technical-009_ZU-23-2_Face openflight real-time 3d model simulation view;Vehicle;1;;Technical-009_ZU-23-2
Technical-009_ZU-23-2_Random;Technical-009_ZU-23-2_02.jpg;Technical-009_ZU-23-2_Random openflight real-time 3d model simulation view;Vehicle;1;;Technical-009_ZU-23-2
Technical-009_ZU-23-2_Side;Technical-009_ZU-23-2_03.jpg;Technical-009_ZU-23-2_Side openflight real-time 3d model simulation view;Vehicle;1;;Technical-009_ZU-23-2
Technical-010_Type_63_Face;Technical-010_Type_63_01.jpg;Technical-010_Type_63_Face openflight real-time 3d model simulation view;Vehicle;1;;Technical-010_Type_63
Technical-010_Type_63_Random;Technical-010_Type_63_02.jpg;Technical-010_Type_63_Random openflight real-time 3d model simulation view;Vehicle;1;;Technical-010_Type_63
Technical-010_Type_63_Side;Technical-010_Type_63_03.jpg;Technical-010_Type_63_Side openflight real-time 3d model simulation view;Vehicle;1;;Technical-010_Type_63
Technical-011_M2_Face;Technical-011_M2_01.jpg;Technical-011_M2_Face openflight real-time 3d model simulation view;Vehicle;1;;Technical-011_M2
Technical-011_M2_Random;Technical-011_M2_02.jpg;Technical-011_M2_Random openflight real-time 3d model simulation view;Vehicle;1;;Technical-011_M2
Technical-011_M2_Side;Technical-011_M2_03.jpg;Technical-011_M2_Side openflight real-time 3d model simulation view;Vehicle;1;;Technical-011_M2
Technical-015_M249_Face;Technical-015_M249_01.jpg;Technical-015_M249_Face openflight real-time 3d model simulation view;Vehicle;1;;Technical-015_M249
Technical-015_M249_Random;Technical-015_M249_02.jpg;Technical-015_M249_Random openflight real-time 3d model simulation view;Vehicle;1;;Technical-015_M249
Technical-015_M249_Side;Technical-015_M249_03.jpg;Technical-015_M249_Side openflight real-time 3d model simulation view;Vehicle;1;;Technical-015_M249
Technical-016_RPK_Face;Technical-016_RPK_01.jpg;Technical-016_RPK_Face openflight real-time 3d model simulation view;Vehicle;1;;Technical-016_RPK
Technical-016_RPK_Random;Technical-016_RPK_02.jpg;Technical-016_RPK_Random openflight real-time 3d model simulation view;Vehicle;1;;Technical-016_RPK
Technical-016_RPK_Side;Technical-016_RPK_03.jpg;Technical-016_RPK_Side openflight real-time 3d model simulation view;Vehicle;1;;Technical-016_RPK
Technical-020_M2_Face;Technical-020_M2_01.jpg;Technical-020_M2_Face openflight real-time 3d model simulation view;Vehicle;1;;Technical-020_M2
Technical-020_M2_Random;Technical-020_M2_02.jpg;Technical-020_M2_Random openflight real-time 3d model simulation view;Vehicle;1;;Technical-020_M2
Technical-020_M2_Side;Technical-020_M2_03.jpg;Technical-020_M2_Side openflight real-time 3d model simulation view;Vehicle;1;;Technical-020_M2
Technical-021_B8M1_Face;Technical-021_B8M1_01.jpg;Technical-021_B8M1_Face openflight real-time 3d model simulation view;Vehicle;1;;Technical-021_B8M1
Technical-021_B8M1_Random;Technical-021_B8M1_02.jpg;Technical-021_B8M1_Random openflight real-time 3d model simulation view;Vehicle;1;;Technical-021_B8M1
Technical-021_B8M1_Side;Technical-021_B8M1_03.jpg;Technical-021_B8M1_Side openflight real-time 3d model simulation view;Vehicle;1;;Technical-021_B8M1
Technical-022_KPV_Face;Technical-022_KPV_01.jpg;Technical-022_KPV_Face openflight real-time 3d model simulation view;Vehicle;1;;Technical-022_KPV
Technical-022_KPV_Random;Technical-022_KPV_02.jpg;Technical-022_KPV_Random openflight real-time 3d model simulation view;Vehicle;1;;Technical-022_KPV
Technical-022_KPV_Side;Technical-022_KPV_03.jpg;Technical-022_KPV_Side openflight real-time 3d model simulation view;Vehicle;1;;Technical-022_KPV
Technical-025_UB_16_57_Face;Technical-025_UB_16_57_01.jpg;Technical-025_UB_16_57_Face openflight real-time 3d model simulation view;Vehicle;1;;Technical-025_UB_16_57
Technical-025_UB_16_57_Random;Technical-025_UB_16_57_02.jpg;Technical-025_UB_16_57_Random openflight real-time 3d model simulation view;Vehicle;1;;Technical-025_UB_16_57
Technical-025_UB_16_57_Side;Technical-025_UB_16_57_03.jpg;Technical-025_UB_16_57_Side openflight real-time 3d model simulation view;Vehicle;1;;Technical-025_UB_16_57
Technical-027_UB-16_Face;Technical-027_UB-16_01.jpg;Technical-027_UB-16_Face openflight real-time 3d model simulation view;Vehicle;1;;Technical-027_UB-16
Technical-027_UB-16_Random;Technical-027_UB-16_02.jpg;Technical-027_UB-16_Random openflight real-time 3d model simulation view;Vehicle;1;;Technical-027_UB-16
Technical-027_UB-16_Side;Technical-027_UB-16_03.jpg;Technical-027_UB-16_Side openflight real-time 3d model simulation view;Vehicle;1;;Technical-027_UB-16
trailer_generator-001_Face;trailer_generator-001_01.jpg;trailer_generator-001_Face openflight real-time 3d model simulation view;Vehicle;1;;trailer_generator-001
trailer_generator-001_Random;trailer_generator-001_02.jpg;trailer_generator-001_Random openflight real-time 3d model simulation view;Vehicle;1;;trailer_generator-001
trailer_generator-001_Side;trailer_generator-001_03.jpg;trailer_generator-001_Side openflight real-time 3d model simulation view;Vehicle;1;;trailer_generator-001
trailer_generator-002_Face;trailer_generator-002_01.jpg;trailer_generator-002_Face openflight real-time 3d model simulation view;Vehicle;1;;trailer_generator-002
trailer_generator-002_Random;trailer_generator-002_02.jpg;trailer_generator-002_Random openflight real-time 3d model simulation view;Vehicle;1;;trailer_generator-002
trailer_generator-002_Side;trailer_generator-002_03.jpg;trailer_generator-002_Side openflight real-time 3d model simulation view;Vehicle;1;;trailer_generator-002
truck-010-jingle_Face;truck-010-jingle_01.jpg;truck-010-jingle_Face openflight real-time 3d model simulation view;Vehicle;1;;truck-010-jingle
truck-010-jingle_Random;truck-010-jingle_02.jpg;truck-010-jingle_Random openflight real-time 3d model simulation view;Vehicle;1;;truck-010-jingle
truck-010-jingle_Side;truck-010-jingle_03.jpg;truck-010-jingle_Side openflight real-time 3d model simulation view;Vehicle;1;;truck-010-jingle
truck-024_usairways_Face;truck-024_usairways_01.jpg;truck-024_usairways_Face openflight real-time 3d model simulation view;Vehicle;1;;truck-024_usairways
truck-024_usairways_Random;truck-024_usairways_02.jpg;truck-024_usairways_Random openflight real-time 3d model simulation view;Vehicle;1;;truck-024_usairways
truck-024_usairways_Side;truck-024_usairways_03.jpg;truck-024_usairways_Side openflight real-time 3d model simulation view;Vehicle;1;;truck-024_usairways
truck-025_united_Face;truck-025_united_01.jpg;truck-025_united_Face openflight real-time 3d model simulation view;Vehicle;1;;truck-025_united
truck-025_united_Random;truck-025_united_02.jpg;truck-025_united_Random openflight real-time 3d model simulation view;Vehicle;1;;truck-025_united
truck-025_united_Side;truck-025_united_03.jpg;truck-025_united_Side openflight real-time 3d model simulation view;Vehicle;1;;truck-025_united
truck-029_united_Face;truck-029_united_01.jpg;truck-029_united_Face openflight real-time 3d model simulation view;Vehicle;1;;truck-029_united
truck-029_united_Random;truck-029_united_02.jpg;truck-029_united_Random openflight real-time 3d model simulation view;Vehicle;1;;truck-029_united
truck-029_united_Side;truck-029_united_03.jpg;truck-029_united_Side openflight real-time 3d model simulation view;Vehicle;1;;truck-029_united
truck_007_Face;truck_007_01.jpg;truck_007_Face openflight real-time 3d model simulation view;Vehicle;1;;truck_007
truck_007_Random;truck_007_02.jpg;truck_007_Random openflight real-time 3d model simulation view;Vehicle;1;;truck_007
truck_007_Side;truck_007_03.jpg;truck_007_Side openflight real-time 3d model simulation view;Vehicle;1;;truck_007
truck_017B_Face;truck_017B_01.jpg;truck_017B_Face openflight real-time 3d model simulation view;Vehicle;1;;truck_017B
truck_017B_Random;truck_017B_02.jpg;truck_017B_Random openflight real-time 3d model simulation view;Vehicle;1;;truck_017B
truck_017B_Side;truck_017B_03.jpg;truck_017B_Side openflight real-time 3d model simulation view;Vehicle;1;;truck_017B
UGV_MULE_Face;UGV_MULE_01.jpg;UGV_MULE_Face openflight real-time 3d model simulation view;Vehicle;1;;UGV_MULE
UGV_MULE_Random;UGV_MULE_02.jpg;UGV_MULE_Random openflight real-time 3d model simulation view;Vehicle;1;;UGV_MULE
UGV_MULE_Side;UGV_MULE_03.jpg;UGV_MULE_Side openflight real-time 3d model simulation view;Vehicle;1;;UGV_MULE
VAB_4x4_Face;VAB_4x4_01.jpg;VAB_4x4_Face openflight real-time 3d model simulation view;Vehicle;1;;VAB_APC
VAB_4x4_Random;VAB_4x4_02.jpg;VAB_4x4_Random openflight real-time 3d model simulation view;Vehicle;1;;VAB_APC
VAB_4x4_Side;VAB_4x4_03.jpg;VAB_4x4_Side openflight real-time 3d model simulation view;Vehicle;1;;VAB_APC
VBL_Face;VBL_01.jpg;VBL_Face openflight real-time 3d model simulation view;Vehicle;1;;VBL
VBL_Random;VBL_02.jpg;VBL_Random openflight real-time 3d model simulation view;Vehicle;1;;VBL
VBL_Side;VBL_03.jpg;VBL_Side openflight real-time 3d model simulation view;Vehicle;1;;VBL
Zil_Face;Zil_01.jpg;Zil_Face openflight real-time 3d model simulation view;Vehicle;1;;Zil
Zil_Random;Zil_02.jpg;Zil_Random openflight real-time 3d model simulation view;Vehicle;1;;Zil
Zil_Side;Zil_03.jpg;Zil_Side openflight real-time 3d model simulation view;Vehicle;1;;Zil
ZILH131_Face;ZILH131_01.jpg;ZILH131_Face openflight real-time 3d model simulation view;Vehicle;1;;ZILH131
ZILH131_Random;ZILH131_02.jpg;ZILH131_Random openflight real-time 3d model simulation view;Vehicle;1;;ZILH131
ZILH131_Side;ZILH131_03.jpg;ZILH131_Side openflight real-time 3d model simulation view;Vehicle;1;;ZILH131
