Slug;Filename;Page Description;Tags;Product_list
ZU_23_2;ZU_23_2.swf;ZU-23 twin 23mm AA Gun;Air;
ZSU23-4;ZSU23-4.swf;ZSU-23 4 Quad 23mm AA;Land;
ZPU-4;ZPU-4.swf;ZPU-4;Air;
ZILH131;ZILH131.swf;ZIL 131;Land;
Zil;Zil.swf;Zil;Land;ZILH131
Wiesel_Oselot;Wiesel_Oselot.swf;Wiesel Oselot;Land;
Watchkeeper;Watchkeeper.swf;Watchkeeper;Air;
Warrior_ERMP;Warrior_ERMP.swf;MQ-1C Warrior;Air;
VBL;VBL.swf;VBL;Land;
VAB_4x4;VAB_4x4.swf;VAB APC;Land;
V-22;V-22.swf;Bell Boeing V-22 Osprey;Air;
UGV_MULE;UGV_MULE.swf;UGV MULE;Land;
U-2_Spy_plane;U-2_Spy_plane.swf;Lockheed U-2;Air;
Type69;Type69.swf;Type 69 MBT;Land;
TYPE63_ROCKET;TYPE63_ROCKET.swf;Type 63 130mm Multiple Rocket Launcher MRL;Land;Type_63_MRL
Type_63_MRL;Type_63_MRL.swf;Type 63 130mm  MRL;Land;TYPE63_ROCKET
Tu22M3;Tu22M3.swf;Tu22M3;Air;
truck-029_united;truck-029_united.swf;truck-029 united;Land;
truck-028_M2;truck-028_M2.swf;Technical M2;Land;Technical-020_M2
truck-027_UB-16;truck-027_UB-16.swf;;Land;
truck-025_united;truck-025_united.swf;truck-025 united;Land;
truck-024_usairways;truck-024_usairways.swf;truck-024 usairways;Land;
truck-010-jingle;truck-010-jingle.swf;truck-010-jingle;Land;
truck_017B;truck_017B.swf;truck 017B;Land;
truck_007;truck_007.swf;truck 007;Land;
trailer_generator-002;trailer_generator-002.swf;trailer generator;Land;
trailer_generator-001;trailer_generator-001.swf;trailer generator;Land;
Technical-029_ZU-23-2;Technical-029_ZU-23-2.swf;Technical-029  ZU-23-2;Land;Technical-017_ZU-23-2
Technical-027_UB-16;Technical-027_UB-16.swf;Technical-027 UB-16;Land;
Technical-025_UB_16_57;Technical-025_UB_16_57.swf;Technical-025 UB 16 57;Land;
Technical-023_ZU-23-1;Technical-023_ZU-23-1.swf;;Land;
Technical-022_KPV;Technical-022_KPV.swf;Technical-022 KPV;Land;
Technical-021_B8M1;Technical-021_B8M1.swf;Technical-021 B8M1;Land;
Technical-020_M2;Technical-020_M2.swf;Technical M2;Land;truck-028_M2
Technical-018_ZPU2;Technical-018_ZPU2.swf;Technical ZPU2;Land;Technical-013_ZPU-4
Technical-018_RPK;Technical-018_RPK.swf;Technical RPK;Land;Technical-016_RPK
Technical-017_ZU-23-2;Technical-017_ZU-23-2.swf;Technical ZU-23-2;Land;Technical-029_ZU-23-2
Technical-016_RPK;Technical-016_RPK.swf;Technical-016 RPK;Land;Technical-018_RPK
Technical-015_M249;Technical-015_M249.swf;Technical M249;Land;
Technical-014_ZU-23-2;Technical-014_ZU-23-2.swf;Technical ZU-23-2;Land;Technical-017_ZU-23-2
Technical-013_ZPU-4;Technical-013_ZPU-4.swf;Technical ZPU2;Land;Technical-018_ZPU2
Technical-012_ZU-23-2;Technical-012_ZU-23-2.swf;Technical ZU-23-2;Land;
Technical-011_M2;Technical-011_M2.swf;Technical M2;Land;Technical-020_M2, truck-028_M2
Technical-010_Type_63;Technical-010_Type_63.swf;Technical Type 63;Land;
Technical-009_ZU-23-2;Technical-009_ZU-23-2.swf;Technical ZU-23-2;Land;Technical-029_ZU-23-2
Technical-007_B-10;Technical-007_B-10.swf;Technical-007 B-10;Land;
Technical-006_ZPU-2;Technical-006_ZPU-2.swf;Technical ZPU-2;Land;
Technical-005_DHSK;Technical-005_DHSK.swf;Technical-005 DHSK;Land;Technical_019_DHSK
Technical-004_M40;Technical-004_M40.swf;Technical M40;Land;
Technical-002_Kornet;Technical-002_Kornet.swf;Technical Kornet;Land;
Technical-001_ZPU-4;Technical-001_ZPU-4.swf;Technical ZPU-4;Land;
Technical_019_DHSK;Technical_019_DHSK.swf;Technical 019 DHSK;Land;Technical-005_DHSK
T90;T90.swf;T-90 MBT;Land;
T80UM1;T80UM1.swf;T-80 MBT;Land;
T-45a_Goshawk;T-45a_Goshawk.swf;Goshawk T-45A;Air;
SuperWedge_Launcher;SuperWedge_Launcher.swf;SuperWedge_Launcher;Land;
Su-30MKK;Su-30MKK.swf;Su-30MKK;Air;Su-30MKI
Su-30MKI;Su-30MKI.swf;Su-30MKI;Air;Su-30MKK
Su-27;Su-27.swf;Su-27 Flanker;Air;
SU-24;SU-24.swf;Su-24 Fencer;Air;
SU_37;SU_37.swf;Su-37 multirole fighter;Air;
SU_22_M4;SU_22_M4.swf;SU_22_M4;Air;
Stryker(M1126);Stryker(M1126).swf;Stryker M1126;Land;
Small_Unmanned_Ground_Vehicle_SUGV;Small_Unmanned_Ground_Vehicle_SUGV.swf;FCS Small  UGV;Land;
Skylark;Skylark.swf;Skylark;Air;
Silver_Fox;Silver_Fox.swf;Silver Fox;Air;
Shadow-200;Shadow-200.swf;Shadow-200;Air;
ScanEagle;ScanEagle.swf;Boeing ScanEagle;Air;
Saxon;Saxon.swf;AT 105 Saxon;Land;
SA-6;SA-6.swf;SA-6 Gainful SAM System;Land;
Sa-4;Sa-4.swf;SA-4 Ganef SAM System;Land;
Sa-2;Sa-2.swf;SA-2 Missile Launcher;Air;
SA-19-Grison;SA-19-Grison.swf;SA-19 Grison;Land;
SA-15-Gauntlet;SA-15-Gauntlet.swf;SA-15-Gauntlet;Land;
S-92_Sikorsky;S-92_Sikorsky.swf;S-92 Sikorsky;Air;
S60;S60.swf;S60;Land;
S-3B_viking;S-3B_viking.swf;Lockheed S-3 Viking;Air;
S-200_SA-5_GAMMON;S-200_SA-5_GAMMON.swf;SA-5 Gammon SAM System;Air;
RSV_Recon_and_Surveillance_Vehicle;RSV_Recon_and_Surveillance_Vehicle.swf;FCS  XM1201 RSV;Land;
RQ-8A;RQ-8A.swf;RQ-8A;Air;
RQ-1A_Predator;RQ-1A_Predator.swf;RQ Predator UAV;Air;
Robot_Talon_SWORD;Robot_Talon_SWORD.swf;Robot Talon SWORD;Land;
Robot_Talon_GRENADE;Robot_Talon_GRENADE.swf;Robot Talon GRENADE;Land;
Robot_Talon;Robot_Talon.swf;FCS Armed Robotic Vehicle-RSTA;Land;
RG-33;RG-33.swf;RG-33;Land;Caiman,
RG-31;RG-31.swf;RG-31 Nyala;Land;
RC135;RC135.swf;Boeing RC-135;Air;U-2_Spy_plane, C-130, KC-135,
RAFAEL_Golan;RAFAEL_Golan.swf;RAFAEL Golan;Land;
Pelikan;Pelikan.swf;Pelikan;Air;
PC-9;PC-9.swf;Pilatus Flugzeugwerke SA PC-9;Air;
Patrolboat_Sing;Patrolboat_Sing.swf;Sawar Class inshore patrol boat;Surface;
patria;patria.swf;patria;Land;
Pantsyr_S1_Air_Defense;Pantsyr_S1_Air_Defense.swf;Pantsyr S1 Air Defense;Land;
Pandur_II_6X6_KD-V30;Pandur_II_6X6_KD-V30.swf;Pandur II 6X6 KD-V30;Land;
PAC3_M901;PAC3_M901.swf;M901;Land;
pac3;pac3.swf;pac3;Air;
Oshkosh_Bushmaster;Oshkosh_Bushmaster.swf;Oshkosh MK48-series articulated 8x8 vehicle;Land;
Multifunctional_Utility_Logistics_and_Equipment_MULE_Darpa;Multifunctional_Utility_Logistics_and_Equipment_MULE_Darpa.swf;RSV Recon and Surveillance Vehicle;Land;
MULE_Transport;MULE_Transport.swf;FCS MULE Transport;Land;MULE_Mine_Clearing, MULE_Mine_Clearing
MULE_Mine_Clearing;MULE_Mine_Clearing.swf;FCS MULE Countermine;Land;MULE_Armed_Robotic_Vehicule_ARVA-L,  MULE_Transport
MULE_Armed_Robotic_Vehicule_ARVA-L;MULE_Armed_Robotic_Vehicule_ARVA-L.swf;FCS Armed Robotic vehicle-RSTA;Land;MULE_Mine_Clearing, MULE_Transport
Mortar_2S12;Mortar_2S12.swf;2S12 120-mm;Land;GAZ-66
Mortar_2B14_1;Mortar_2B14_1.swf;Mortar 2B14 1;Land;
MLRS-M270;MLRS-M270.swf;MLRS-M270;Land;
MK_19;MK_19.swf;Mk 19 40-mm;Land;
Mirage-5;Mirage-5.swf;Mirage-5;Air;
Mirage-3;Mirage-3.swf;Mirage-3;Air;
Mirage_F1;Mirage_F1.swf;Mirage F-1;Air;
MIRAGE_2000C;MIRAGE_2000C.swf;Mirage 2000;Air;
Military_Bus;Military_Bus.swf;Bus;Land;
MIG-31;MIG-31.swf;MiG-31 Foxhound;Air;
MiG-29;MiG-29.swf;MiG-29 Fulcrum;Air;
Mig-25;Mig-25.swf;MiG-25 Foxbat;Air;F-15E, F-14A
Mi-2UPR;Mi-2UPR.swf;Mi-2UPR;;
MI-28_Havoc;MI-28_Havoc.swf;Mi-28 Havoc;Air;AH-64D,
Meerkat;Meerkat.swf;Meerkat;Land;HUSKY, IVMMD_F-MDT,IVMMD_S-MDT, IVMMD_T-MDT
Medical_Vehicle_MV;Medical_Vehicle_MV.swf;;;
MAV;MAV.swf;MAV;;
MAG_GPNG_7-62;MAG_GPNG_7-62.swf;MAG_GPMG_7-62;Land;
M901A3;M901A3.swf;;;
M88A2;M88A2.swf;M88A2;Land;
M60A3;M60A3.swf;M60 MBT;Land;
M40_STAND;M40_STAND.swf;106  mm  RCL40  M40;Land;
M3_Bradley;M3_Bradley.swf;M3 Bradley;Land;
M2-MOUNTED;M2-MOUNTED.swf;M2-MOUNTED;Land;
M-220_Tow;M-220_Tow.swf;M-220  Tow;Land;
m220;m220.swf;m220;Land;
M2_STAND;M2_STAND.swf;M2 60-mm;Land;
M1A2;M1A2.swf;M1A2;Land;
M115_HOW;M115_HOW.swf;M115 8-inch Howitzer;Land;
M1135;M1135.swf;M1135;Land;
M1133;M1133.swf;M1133;Land;
M1131;M1131.swf;M1131;Land;
M1130;M1130.swf;M1130;Land;
M113;M113.swf;FMC M113;Land;
M1128;M1128.swf;m1128;Land;
M1127;M1127.swf;M1127;Land;
M1126_M2;M1126_M2.swf;M1126 M2;Land;
M1117;M1117.swf;M1117 Armored Security Vehicle;Land;
M109A6;M109A6.swf;M109  Howitzer;Land;
M1097;M1097.swf;M1097;Land;
M1046;M1046.swf;M1046 TOW missile carrier;Land;
M_1089;M_1089.swf;M1089 Truck Wrecker MTV;Land;
Luggage_Cart-001;Luggage_Cart-001.swf;Luggage Cart-001;Land;
Leopard_C2A1_MEXAS;Leopard_C2A1_MEXAS.swf;Leopard C2A1 MEXAS;Land;
Leclerc;Leclerc.swf;Leclerc;Land;
L-159;L-159.swf;Aero L-159;Air;BAe_Hawk_200
KRAZ_255;KRAZ_255.swf;KrAZ-255B 6x6 7500-kg truck;Land;
KPV-MOUNTED;KPV-MOUNTED.swf;KPV-MOUNTED;Land;
KPV_TOWED;KPV_TOWED.swf;KPV TOWED;Land;
Koni_Class;Koni_Class.swf;Koni class frigate;Surface;
KittyHawk;KittyHawk.swf;John F-Kennedy Class Kitty Hawk;Surface;
KE-3A;KE-3A.swf;KE-3A;Air;E3A
KC-135;KC-135.swf;Boeing KC-135 Stratotanker;Air;
KC-10A;KC-10A.swf;KC-10 Extender;Air;
Jaguar;Jaguar.swf;SEPECAT Jaguar;Air;
J10;J10.swf;J10;Air;
IVMMD_T-MDT;IVMMD_T-MDT.swf;IVMMD T-MDT;Land;IVMMD_F-MDT, IVMMD_S-MDT, IVMMD_T-MDT,
IVMMD_S-MDT;IVMMD_S-MDT.swf;IVMMD S-MDT;Land;IVMMD_F-MDT, IVMMD_S-MDT, IVMMD_T-MDT,
IVMMD_F-MDT;IVMMD_F-MDT.swf;IVMMD F-MDT;Land;IVMMD_F-MDT, IVMMD_S-MDT, IVMMD_T-MDT,
Irobot_Packbot_Explorer;Irobot_Packbot_Explorer.swf;Irobot Packbot Explorer;Land;
International_MaxxPro_MPV;International_MaxxPro_MPV.swf;International MaxxPro MPV;Land;
IL-76;IL-76.swf;Il-76 Candid;Air;
IED;IED.swf;IED;Land;
Husky;Husky.swf;ARV Husky;Land;Meerkat, IVMMD_F-MDT, IVMMD_S-MDT, IVMMD_T-MDT,_x000d_
Cougar_6X6
HMMWV;HMMWV.swf;HMMWV;Land;
HAWK;HAWK.swf;BAE Hawk;Air;T-45a_Goshawk
GMC_Sierra_Utility;GMC_Sierra_Utility.swf;GMC Sierra Utility;Land;
GCD;GCD.swf;GCD;Land;
Gaz-66;Gaz-66.swf;GAZ-66;Land;
G6_HOWITZER;G6_HOWITZER.swf;G6 HOWITZER;Land;
G5_155mm;G5_155mm.swf;155mm Gun-Howitzer;Land;
FV105;FV105.swf;FV105 Sultan;Land;
FV103_Spartan;FV103_Spartan.swf;FV 103 Spartan APC;Land;
FV101_SCORPION;FV101_SCORPION.swf;FV 101 Scorpion;Land;
Frog-7B;Frog-7B.swf;Frog-7 rocket launcher;Land;
FRMV_Recovery_and_Maintenance_Vehicle;FRMV_Recovery_and_Maintenance_Vehicle.swf;FRMV Recovery and Maintenance Vehicle;Land;
FORD350_2_Utility;FORD350_2_Utility.swf;FORD350 2 Utility;Land;
Ford;Ford.swf;Ford;Land;
fennek;fennek.swf;fennek;Land;
FCS_MULE;FCS_MULE.swf;FCS MULE;Land;
FA-18C;FA-18C.swf;FA-18 Hornet;Air;
F-6A;F-6A.swf;F-6A;Air;
F-5;F-5.swf;F-5;Air;
F4_Phantom;F4_Phantom.swf;F-4 Phantom II;Air;
F-35;F-35.swf;F-35;Air;
F16;F16.swf;F-16 Fighting Falcon;Air;
F-15E;F-15E.swf;F-15E Strike Eagle;Air;
F-15C;F-15C.swf;F-15 Eagle;Air;
F-14A;F-14A.swf;F-14A;Air;
F-117;F-117.swf;F-117;Air;
EA-6B;EA-6B.swf;EA-6 Prowler;Air;
E3A;E3A.swf;Boeing E-3 Sentry;Air;
E2C_Hawkeye;E2C_Hawkeye.swf;E-2 Hawkeye;Air;
DSHK-MOUNTED;DSHK-MOUNTED.swf;DSHK-MOUNTED;Land;
DSHK;DSHK.swf;DSHK;Land;
Dingo;Dingo.swf;Dingo;Land;
DDG-1000_Zumwalt;DDG-1000_Zumwalt.swf;DDG-1000 Zumwalt;Surface;
Dana_Howitzer-77;Dana_Howitzer-77.swf;Dana Howitzer-77;Land;
Cougar_H_Series_4X4;Cougar_H_Series_4X4.swf;Cougar H Series 4X4;Land;
Cougar_6X6;Cougar_6X6.swf;Cougar Type;Land;
Command_and_Control_Vehicle_C2V;Command_and_Control_Vehicle_C2V.swf;FCS Command and Control Vehicle;Land;
Class_IV_UAV;Class_IV_UAV.swf;FCS UAV Class IV;Air;
Class_III_UAV;Class_III_UAV.swf;FCS UAV Class III;Air;
Class_II_UAV;Class_II_UAV.swf;FCS UAV Class II;Air;
Class_I_UAV;Class_I_UAV.swf;FCS UAV Class I;Air;
CHEVY_AFGHAN;CHEVY_AFGHAN.swf;CHEVY AFGHAN;Land;
Cheetah;Cheetah.swf;Cheetah;Land;Cougar_6X6,
Challenger1;Challenger1.swf;Challenger MBT;Land;
CH-47D;CH-47D.swf;Boeing Models 114/414;Air;
Centauro;Centauro.swf;Centauro B-1;Land;
Caiman;Caiman.swf;Caiman;Land;
Caesar;Caesar.swf;Caesar;Land;
C2V;C2V.swf;C2V;Land;
C23_Sherpa;C23_Sherpa.swf;C-23A Sherpa;Air;
C-141B_Starlifter;C-141B_Starlifter.swf;C-141B Starlifter;Air;
C-130;C-130.swf;Lockheed C-130;Air;
C-12_Huron;C-12_Huron.swf;C-12 Huron;Air;
BV206;BV206.swf;BV206;Land;
BULL;BULL.swf;BULL;Land;
Buffalo;Buffalo.swf;Buffalo 6x6;Land;
BTR-80;BTR-80.swf;BTR-80;Land;2S9, BMD-3
BTR_152;BTR_152.swf;BTR-152;Land;
BRDM-2;BRDM-2.swf;BRDM-2;Land;
Boeing-737;Boeing-737.swf;Boeing 737;Air;
Boeing_B-52D;Boeing_B-52D.swf;B-52 Stratofortress;Air;
Boeing_747;Boeing_747.swf;Boeing 747-400;Air;
BMP-2;BMP-2.swf;BMP-2;Land;
BMD-3;BMD-3.swf;BMD-3;Land;2S9, BTR-80
BMD-2;BMD-2.swf;BMD-2;Land;
BGM-109;BGM-109.swf;Tomahawk Land Attack Missile (TLAM);Air;
Bearcat;Bearcat.swf;Bearcat;Air;
BAe_Hawk_200;BAe_Hawk_200.swf;Bae Hawk;Air;
BAE_Black_Knight;BAE_Black_Knight.swf;BAE Black Knight;Land;
B-52;B-52.swf;B-52;Air;
B-2_Spirit;B-2_Spirit.swf;B-2_Spirit;Air;
B-10;B-10.swf;B-10 82-mm recoilless gun;Land;
B-1_Lancer;B-1_Lancer.swf;B-1_Lancer;Air;
AV-8B_Harrier_II;AV-8B_Harrier_II.swf;AV-8B_Harrier_II;Air;
AS_90;AS_90.swf;AS90 155-mm;Land;
Armed_Robotic_Vehicle_ARV;Armed_Robotic_Vehicle_ARV.swf;Buffel ARV;Land;
ARH-70;ARH-70.swf;Bell ARH-70;Air;
AN-TWQ-1-Avenger;AN-TWQ-1-Avenger.swf;AN-TWQ-1-Avenger;Land;
AN-2;AN-2.swf;An-2-3 Colt;Air;
AMX-30;AMX-30.swf;AMX-30;Land;
Alpha;Alpha.swf;Alpha MRAP;Land;
airport;airport.swf;airport;;
AH-64D;AH-64D.swf;AH-64D Apache;Air;
AH-64A;AH-64A.swf;AH-64A;Air;
AH-1W;AH-1W.swf;Supercobra AH-1W;Air;
AAVc7A;AAVc7A.swf;AAV7A1 (amphibious assault vehicle);Land;
A320;A320.swf;A320 AirBus;Air;
A-10;A-10.swf;A-10 Thunderbolt;Air;
57MM_S60;57MM_S60.swf;S-60 57mm AA Gun;Land;
2S9;2S9.swf;2S9;Land;BTR-80, BMD-3
2S12;2S12.swf;2S12 120-mm;Land;
23B;23B.swf;;;
120mm_HE;120mm_HE.swf;120mm HE FRAG;Land;
